Instance,Time_Best_ms
i160-031.stp,32.352
i080-035.stp,34.49
i080-013.stp,44.874
i080-031.stp,32.478
i080-014.stp,41.989
i080-022.stp,57.98
i080-111.stp,53.554
i080-045.stp,51.612
i080-114.stp,44.405
b01.stp,67.013
i080-021.stp,57.162
i080-145.stp,63.551
i080-113.stp,53.425
i080-121.stp,89.89
i080-044.stp,57.843
i080-112.stp,54.7
i080-134.stp,52.523
i080-102.stp,84.62
i080-142.stp,63.465
i080-143.stp,66.686
i160-005.stp,45.157
i080-125.stp,92.625
i080-123.stp,91.813
i080-122.stp,91.546
i080-104.stp,54.213
i160-043.stp,66.019
i160-033.stp,42.156
i080-115.stp,67.287
i160-013.stp,73.324
i160-004.stp,35.061
i080-124.stp,92.52
i080-144.stp,80.875
i160-011.stp,68.979
i080-133.stp,92.776
b05.stp,82.204
i160-032.stp,107.734
i080-001.stp,28.518
i160-014.stp,71.222
i080-141.stp,90.871
i160-015.stp,89.152
b04.stp,68.362
i320-003.stp,60.12
i160-001.stp,127.691
i080-101.stp,85.573
i320-033.stp,84.789
i160-034.stp,96.905
i080-135.stp,89.742
i160-002.stp,102.117
i320-004.stp,64.749
i080-103.stp,130.539
i160-012.stp,100.777
b07.stp,175.838
i080-002.stp,73.001
i320-032.stp,73.891
i160-003.stp,170.375
i080-213.stp,154.621
es20fst09.stp,213.927
i320-011.stp,114.982
p603.stp,76.063
i160-022.stp,176.988
i320-005.stp,71.49
es20fst03.stp,186.835
i160-115.stp,159.842
i320-035.stp,98.206
i160-024.stp,178.796
i160-025.stp,176.809
i160-021.stp,178.584
es20fst13.stp,277.383
es20fst02.stp,209.215
p621.stp,72.736
i080-202.stp,189.942
i320-012.stp,124.929
p604.stp,106.061
i640-033.stp,120.485
i640-032.stp,109.404
i160-041.stp,150.472
i320-014.stp,140.305
i640-004.stp,141.013
i160-044.stp,151.034
p613.stp,77.725
i160-023.stp,179.452
i080-231.stp,177.72
i160-143.stp,161.761
i320-013.stp,148.367
i320-015.stp,154.317
i160-135.stp,164.628
i080-214.stp,239.544
i080-232.stp,199.908
i320-034.stp,193.153
c11.stp,89.376
b02.stp,189.778
i080-033.stp,35.227
i320-031.stp,165.31
i080-212.stp,250.015
i080-215.stp,223.995
i080-245.stp,219.923
i160-045.stp,190.205
c06.stp,167.387
b10.stp,282.895
i080-241.stp,229.644
es20fst12.stp,409.405
i160-111.stp,185.675
i160-103.stp,222.411
i640-031.stp,240.37
i080-211.stp,236.554
i080-243.stp,251.313
i160-042.stp,240.583
i080-242.stp,252.32
i320-001.stp,297.29
i320-043.stp,188.851
i080-315.stp,286.577
i080-225.stp,321.462
i080-234.stp,275.942
es20fst11.stp,284.003
i640-002.stp,203.398
i320-002.stp,165.306
i160-113.stp,263.996
i080-221.stp,319.777
es20fst15.stp,377.924
p619.stp,85.061
i080-223.stp,321.397
i080-224.stp,319.957
i080-201.stp,272.616
i160-112.stp,268.195
i080-222.stp,321.504
i080-205.stp,348.807
i080-244.stp,265.724
i080-203.stp,265.841
i080-342.stp,299.906
i640-003.stp,170.772
i160-141.stp,273.139
es20fst14.stp,647.865
b08.stp,331.801
i160-102.stp,357.166
i080-204.stp,311.253
b11.stp,348.257
i080-341.stp,326.977
b03.stp,405.419
i080-331.stp,270.213
p602.stp,52.858
i160-134.stp,195.813
i080-233.stp,234.405
i160-105.stp,232.923
i640-034.stp,179.086
i080-314.stp,342.994
i080-345.stp,357.61
i160-124.stp,359.975
i160-122.stp,362.418
i160-123.stp,360.903
i080-335.stp,288.553
i160-121.stp,359.85
i320-133.stp,346.488
i160-132.stp,197.71
i160-145.stp,319.421
i640-013.stp,273.657
i160-142.stp,335.435
i320-044.stp,252.284
i320-022.stp,372.623
i640-011.stp,275.957
i320-023.stp,375.903
p622.stp,223.415
i160-131.stp,210.106
i160-101.stp,224.379
i160-125.stp,364.035
b13.stp,352.0
i160-144.stp,335.594
d01.stp,117.113
i080-303.stp,541.659
i160-035.stp,226.969
i640-014.stp,314.76
i080-325.stp,488.888
i640-035.stp,203.859
i080-321.stp,491.977
i080-322.stp,492.15
i080-324.stp,488.896
i080-323.stp,489.11
b14.stp,419.493
i080-311.stp,377.925
i160-104.stp,124.753
c07.stp,232.207
i320-021.stp,371.219
i320-041.stp,374.885
es20fst07.stp,522.453
i080-343.stp,441.179
i320-024.stp,374.465
i320-131.stp,329.402
es30fst12.stp,576.07
i080-344.stp,444.509
i160-234.stp,459.511
i320-025.stp,369.336
c02.stp,274.864
i160-133.stp,303.563
i080-305.stp,553.904
i080-313.stp,330.98
i080-302.stp,339.803
i080-333.stp,256.444
i640-001.stp,279.221
i320-042.stp,352.724
i080-235.stp,490.362
i160-114.stp,181.089
d06.stp,185.537
i320-113.stp,467.165
p623.stp,233.134
es30fst09.stp,916.225
i320-114.stp,499.337
i160-231.stp,518.797
i080-332.stp,517.677
d11.stp,285.972
e01.stp,520.174
d12.stp,246.724
es30fst14.stp,772.344
i320-045.stp,456.403
i320-103.stp,481.443
es20fst05.stp,769.311
es30fst10.stp,857.625
e06.stp,261.694
i640-015.stp,272.983
i640-012.stp,338.226
i320-115.stp,554.542
es20fst08.stp,727.651
i080-312.stp,476.062
d16.stp,221.929
i320-111.stp,625.499
es20fst10.stp,836.649
i320-102.stp,521.988
i160-215.stp,658.991
i320-112.stp,482.322
es30fst07.stp,1328.368
b16.stp,544.554
b06.stp,744.003
i160-214.stp,620.62
i080-301.stp,582.117
i160-211.stp,685.007
i320-132.stp,335.713
i160-213.stp,736.747
i160-212.stp,782.964
c12.stp,351.738
d07.stp,335.513
es20fst04.stp,866.336
b17.stp,1113.28
p607.stp,572.081
c17.stp,619.203
c16.stp,310.892
i080-304.stp,606.98
i160-235.stp,673.395
d02.stp,772.669
i640-005.stp,303.792
i160-244.stp,920.928
b09.stp,1160.273
p606.stp,310.045
p605.stp,321.285
es40fst04.stp,1017.288
e11.stp,467.696
i080-334.stp,820.492
e02.stp,850.799
es30fst05.stp,1772.573
i320-134.stp,490.351
i160-204.stp,943.344
e07.stp,522.171
i160-241.stp,1055.032
i320-105.stp,642.965
i160-243.stp,1187.205
i320-101.stp,688.677
i160-221.stp,1331.838
i160-223.stp,1346.722
i160-222.stp,1330.753
es30fst13.stp,1518.262
i160-242.stp,1188.633
i160-225.stp,1321.807
i320-104.stp,635.32
es40fst07.stp,2202.515
i160-224.stp,1333.681
i160-245.stp,1256.316
es30fst02.stp,1778.28
i160-205.stp,952.154
i160-202.stp,967.987
i640-111.stp,1311.74
i320-144.stp,1328.81
es30fst11.stp,2428.743
i640-021.stp,1140.957
i640-044.stp,1111.009
i640-041.stp,1183.56
p625.stp,1220.36
e16.stp,617.683
i160-232.stp,1135.515
es40fst13.stp,1777.412
p624.stp,908.629
i160-314.stp,1567.523
i640-045.stp,1105.197
d17.stp,953.252
i320-141.stp,1246.214
i320-122.stp,1514.72
i160-201.stp,1369.424
i320-213.stp,1597.232
p405.stp,983.969
p626.stp,1092.553
i320-124.stp,1517.564
es40fst06.stp,3142.572
i320-135.stp,681.452
i160-233.stp,1073.319
p608.stp,768.78
es30fst01.stp,2196.791
i320-145.stp,1591.911
i640-043.stp,1274.268
i640-133.stp,1155.264
i640-025.stp,1142.1
i320-211.stp,1658.921
i320-123.stp,1520.83
i160-203.stp,1363.68
i320-121.stp,1518.395
i320-125.stp,1515.356
i640-023.stp,1145.129
i640-042.stp,1370.931
i640-115.stp,1705.231
es30fst08.stp,1839.643
es40fst12.stp,2177.994
p630.stp,539.089
i640-112.stp,1833.478
i320-142.stp,1797.82
i320-143.stp,1719.932
i160-313.stp,1613.844
i320-212.stp,1670.091
b12.stp,1676.0
es40fst01.stp,2618.164
i640-113.stp,1616.336
i160-315.stp,1858.944
i640-114.stp,1382.202
b15.stp,2407.874
i640-024.stp,1151.52
i640-022.stp,1147.435
p609.stp,1352.971
i160-311.stp,2034.778
es40fst03.stp,3037.705
lin08.stp,515.779
e12.stp,1041.272
es30fst06.stp,2587.23
mc3.stp,2908.063
es30fst03.stp,2296.431
i640-132.stp,1101.156
lin09.stp,931.972
i320-215.stp,2369.652
es50fst08.stp,3469.674
i320-214.stp,2047.78
es30fst04.stp,3602.86
es40fst02.stp,3461.513
i160-345.stp,2836.775
es40fst15.stp,3800.491
ER-016.stp,3074.899
i160-312.stp,2335.994
i640-134.stp,2311.649
i160-332.stp,2740.43
ER-011.stp,1580.79
i160-344.stp,3024.014
i160-341.stp,3137.095
es50fst13.stp,5822.264
i160-303.stp,2840.178
ER-015.stp,2239.324
ER-014.stp,2146.772
i160-343.stp,3152.037
es40fst14.stp,5553.941
es40fst10.stp,5265.421
e17.stp,1850.962
i160-335.stp,2218.138
i640-105.stp,1407.908
i640-135.stp,1681.442
i160-325.stp,3665.384
i160-322.stp,3683.268
i160-321.stp,3677.361
i160-323.stp,3693.314
i160-324.stp,3686.807
ER-018.stp,2234.582
es40fst08.stp,4795.697
i160-333.stp,2404.662
es40fst11.stp,4508.358
ER-017.stp,2847.034
es50fst11.stp,6050.973
i160-342.stp,3732.861
i320-204.stp,3055.02
i320-235.stp,2750.967
es30fst15.stp,2909.318
i320-245.stp,3740.612
p460.stp,2126.97
i320-205.stp,3590.587
i160-305.stp,3000.441
b18.stp,4244.82
es50fst04.stp,6267.474
i160-334.stp,2397.594
es50fst05.stp,5745.742
ER-012.stp,2996.939
i160-301.stp,3286.593
i160-304.stp,3352.161
i320-203.stp,2950.582
i320-232.stp,2935.424
i320-202.stp,3338.603
p614.stp,1556.4
i640-104.stp,2823.304
i160-302.stp,4281.608
i640-101.stp,2834.636
ER-019.stp,3087.69
wrp3-23.stp,4027.237
i320-233.stp,3627.854
es50fst01.stp,6290.125
i320-231.stp,2593.01
diw0313.stp,1022.128
i160-331.stp,3165.17
es50fst12.stp,7614.118
p459.stp,2768.325
i320-201.stp,2895.752
i320-241.stp,4574.815
i320-244.stp,4556.145
es40fst09.stp,7363.919
i320-242.stp,4607.218
i640-131.stp,1982.013
es60fst08.stp,8460.446
es50fst15.stp,8087.172
p631.stp,1597.413
i640-102.stp,2905.135
diw0513.stp,1926.051
i320-222.stp,5189.506
es60fst11.stp,12051.626
i320-243.stp,5007.027
es60fst14.stp,10019.716
p612.stp,4385.082
i320-225.stp,5163.575
i320-234.stp,3527.635
i640-144.stp,4649.27
i320-224.stp,5180.703
i320-221.stp,5150.173
i320-223.stp,5168.106
wrp3-19.stp,4815.565
es50fst06.stp,6453.084
es50fst14.stp,7985.549
es60fst15.stp,11125.7
lin12.stp,983.547
p463.stp,2719.963
es60fst06.stp,10299.259
i640-143.stp,5263.426
es40fst05.stp,7354.809
i640-213.stp,5765.135
i640-103.stp,3169.833
i640-141.stp,5795.753
es60fst01.stp,11271.346
p629.stp,5527.929
p408.stp,3797.379
p628.stp,5499.975
es60fst03.stp,12599.425
wrp3-20.stp,4435.473
i640-145.stp,6126.94
i640-214.stp,6686.287
brasil58.stp,3977.257
i640-122.stp,6085.888
es60fst05.stp,10845.818
i640-211.stp,5755.482
i640-212.stp,5327.412
i640-124.stp,6100.527
wrp4-17.stp,3759.831
p627.stp,6600.714
p611.stp,5195.959
es50fst07.stp,10832.235
wrp4-18.stp,3558.535
i640-142.stp,6749.237
i640-121.stp,6074.755
diw0260.stp,916.766
i640-125.stp,6096.744
ER-020.stp,5539.011
ER-027.stp,6863.078
es50fst02.stp,10537.5
i640-215.stp,6316.772
es50fst09.stp,9433.802
wrp4-15.stp,3009.94
i640-123.stp,6091.623
p407.stp,4729.499
p610.stp,5195.7
lin10.stp,3296.687
es60fst10.stp,11560.609
es50fst10.stp,9121.599
es70fst12.stp,14593.98
ER-021.stp,5958.1
es50fst03.stp,9453.934
ER-022.stp,7988.158
es70fst01.stp,15590.761
ER-025.stp,6275.211
es60fst04.stp,12466.315
ER-023.stp,7365.567
es60fst07.stp,16420.484
diw0523.stp,1010.395
ER-024.stp,9750.729
es60fst02.stp,15779.373
es70fst13.stp,18377.094
i640-201.stp,9094.939
es60fst09.stp,16194.787
i320-315.stp,9565.361
es70fst04.stp,19611.987
i640-203.stp,9348.849
wrp3-13.stp,3238.935
es80fst12.stp,23741.092
es70fst14.stp,24932.366
diw0460.stp,1739.866
es70fst09.stp,24904.756
wrp4-16.stp,3963.588
i640-235.stp,6776.957
p615.stp,7463.207
es80fst13.stp,20639.461
wrp4-23.stp,9733.078
wrp3-22.stp,5880.205
es60fst12.stp,17840.592
ER-026.stp,8963.506
es70fst10.stp,25165.226
es70fst02.stp,28453.04
es70fst07.stp,24746.267
i640-232.stp,8694.952
es60fst13.stp,19173.662
es80fst06.stp,23956.06
i640-234.stp,9755.272
wrp3-21.stp,6878.473
mc2.stp,14582.895
wrp4-27.stp,9206.261
wrp3-26.stp,12059.047
i640-202.stp,11146.873
i640-231.stp,6666.338
wrp4-22.stp,8017.348
es70fst11.stp,21978.989
p464.stp,9099.277
wrp4-33.stp,16416.494
i320-313.stp,12869.69
es70fst05.stp,19265.549
wrp3-24.stp,9718.623
es70fst15.stp,22386.577
i320-312.stp,10915.608
es70fst06.stp,30548.866
p632.stp,7276.189
i320-314.stp,13633.009
es80fst07.stp,34663.2
diw0495.stp,2405.152
i320-311.stp,11733.339
i640-205.stp,12289.322
wrp3-29.stp,14905.783
wrp4-28.stp,11560.187
ER-028.stp,12128.723
wrp4-25.stp,11181.255
lin14.stp,5651.284
es80fst15.stp,31186.368
es80fst03.stp,31045.724
wrp3-27.stp,8084.108
es80fst04.stp,36069.741
c03.stp,18087.333
lin11.stp,2424.263
wrp3-25.stp,9829.614
es80fst02.stp,35134.75
es100fst04.stp,33663.263
i320-304.stp,17636.267
es80fst05.stp,40530.422
i640-233.stp,13946.213
es90fst01.stp,28439.626
es90fst14.stp,33593.612
es80fst10.stp,37987.878
es90fst05.stp,35604.902
wrp3-43.stp,16859.465
es70fst03.stp,32942.812
wrp3-28.stp,10178.18
es90fst04.stp,40417.539
i320-305.stp,15765.646
i640-204.stp,13532.328
es90fst06.stp,43496.918
ER-029.stp,14426.897
es80fst14.stp,35912.76
wrp4-32.stp,13165.049
i320-303.stp,19162.927
es100fst03.stp,48840.772
i320-301.stp,20788.101
es80fst01.stp,39857.907
wrp4-29.stp,12556.559
wrp3-31.stp,16182.991
i640-225.stp,21722.651
i320-332.stp,16657.758
es90fst07.stp,53362.39
i640-224.stp,21700.853
i640-222.stp,21743.313
i640-221.stp,21766.838
wrp4-26.stp,13495.339
i320-302.stp,18999.52
alue7229.stp,8392.008
i640-243.stp,22646.156
wrp3-41.stp,16307.481
i640-244.stp,23365.736
i320-343.stp,24719.114
i640-223.stp,21733.402
i320-345.stp,24882.655
i640-242.stp,23925.071
es80fst11.stp,38284.884
wrp4-24.stp,13816.112
es80fst08.stp,45260.859
es100fst14.stp,44627.435
i640-241.stp,24101.176
i320-344.stp,26415.939
es90fst08.stp,40197.726
p410.stp,18379.801
es90fst02.stp,43364.357
es100fst08.stp,47882.633
i640-245.stp,25425.074
i320-323.stp,28935.267
es70fst08.stp,36201.393
i320-322.stp,28975.118
i320-325.stp,28902.034
i320-324.stp,28956.048
i320-321.stp,29071.253
i320-341.stp,28290.469
p409.stp,21250.84
lin13.stp,6619.853
i320-342.stp,29100.005
wrp4-34.stp,17753.442
wrp4-45.stp,19226.129
es100fst05.stp,54711.849
wrp4-38.stp,20687.168
ER-031.stp,22046.973
es100fst10.stp,57871.61
es90fst15.stp,47441.887
es80fst09.stp,52284.303
i320-333.stp,20102.325
i320-335.stp,20769.055
wrp4-21.stp,11195.349
es100fst09.stp,71471.786
wrp4-31.stp,15932.499
ER-036.stp,23538.345
wrp4-30.stp,14891.533
ER-033.stp,24928.633
ER-032.stp,21994.398
i320-334.stp,22045.421
ER-030.stp,22409.142
es90fst13.stp,55580.819
lin16.stp,5934.763
ER-037.stp,20842.844
i320-331.stp,24158.986
p461.stp,25042.233
ER-035.stp,17103.401
wrp4-44.stp,30546.903
mc13.stp,35498.356
es90fst12.stp,66480.775
es90fst11.stp,51471.177
es90fst09.stp,61642.053
wrp3-33.stp,29250.842
ER-042.stp,27895.068
wrp3-36.stp,24009.297
ER-038.stp,23124.126
c08.stp,31684.211
es100fst15.stp,67508.185
alue2087.stp,14583.433
alue2105.stp,15602.309
wrp4-36.stp,20425.439
es90fst03.stp,59096.308
es90fst10.stp,63320.448
ER-046.stp,30604.901
es100fst13.stp,87361.171
es100fst01.stp,71720.742
alut2764.stp,13305.556
es100fst11.stp,69177.228
wrp3-30.stp,25197.18
ER-039.stp,27990.09
c04.stp,50921.674
ER-034.stp,29534.009
es100fst07.stp,70465.508
ER-041.stp,30805.179
p633.stp,36729.866
es100fst12.stp,79636.795
wrp4-35.stp,26079.438
wrp3-39.stp,36267.55
ER-044.stp,39473.192
alut0805.stp,15703.822
wrp4-37.stp,31505.651
wrp4-41.stp,32716.331
wrp3-38.stp,31623.741
es100fst06.stp,81549.165
lin15.stp,20416.424
c13.stp,48732.555
oddwheel3.stp,4.968
i080-005.stp,19.915
es10fst07.stp,39.663
ER-001.stp,47.445
lin01.stp,34.2
p455.stp,190.623
wrp3-12.stp,709.205
oddcycle3.stp,4.52
i080-015.stp,25.254
es10fst12.stp,36.655
ER-002.stp,84.189
lin03.stp,66.231
p401.stp,197.393
wrp4-11.stp,510.153
design432.stp,5.759
p620.stp,22.379
es10fst05.stp,35.23
ER-004.stp,117.728
lin02.stp,50.426
p403.stp,240.178
wrp3-11.stp,1363.388
se03.stp,5.336
i080-041.stp,32.51
es10fst11.stp,43.462
ER-007.stp,345.703
lin07.stp,158.222
p402.stp,191.921
wrp4-13.stp,1547.787
antiwheel5.stp,21.651
i080-003.stp,38.085
es10fst02.stp,52.365
ER-009.stp,320.673
lin04.stp,191.179
p458.stp,403.428
wrp4-14.stp,1417.253
w13c29.stp,3069112.404
i080-034.stp,22.495
es10fst06.stp,55.448
ER-005.stp,262.805
lin06.stp,769.22
p406.stp,468.343
wrp3-14.stp,1307.523
w23c23.stp,4844081.429
i080-105.stp,51.191
es10fst15.stp,43.998
ER-006.stp,359.599
lin05.stp,485.708
p456.stp,250.264
wrp3-15.stp,1819.048
i080-132.stp,23.854
es10fst04.stp,53.907
ER-003.stp,198.811
diw0540.stp,579.028
berlin52.stp,652.656
wrp3-17.stp,2379.4
i080-043.stp,36.987
es10fst01.stp,59.594
ER-010.stp,506.617
diw0250.stp,481.908
p457.stp,640.096
wrp3-16.stp,3057.367
i080-032.stp,33.064
es10fst13.stp,76.897
ER-008.stp,480.821
diw0393.stp,777.178
p404.stp,750.728
wrp4-19.stp,3026.36
i080-011.stp,37.387
es10fst10.stp,63.03
ER-013.stp,2201.361
i080-025.stp,57.598
es10fst03.stp,93.322
i080-042.stp,39.647
es10fst09.stp,118.263
i080-023.stp,58.119
es10fst08.stp,87.921
i080-012.stp,42.851
es10fst14.stp,100.745
i080-004.stp,48.762
es20fst01.stp,185.898
i080-024.stp,56.664
es20fst06.stp,177.881
i080-131.stp,32.059
