Instance,Cost_Best,Cost_Worst,Cost_Avg,Time_Best_ms,Time_Worst_ms,Time_Avg_ms,Improvement_Best_%,Improvement_Worst_%,Improvement_Avg_%
p455.stp,1314.0,1314.0,1314.0,190.623,199.413,192.129,0.0,0.0,0.0
p456.stp,1662.0,1662.0,1662.0,250.264,252.151,251.078,0.0,0.0,0.0
p457.stp,1939.0,1939.0,1939.0,640.096,654.047,645.835,5.37,0.0,4.34
p458.stp,1678.0,1678.0,1678.0,403.428,419.045,406.626,3.56,0.0,1.07
p459.stp,2373.0,2440.0,2416.8,2768.325,2881.513,2826.474,22.49,7.68,13.7
p460.stp,3003.0,3138.0,3064.4,2126.97,2179.276,2148.422,10.73,0.41,6.67
p461.stp,4559.0,4615.0,4591.7,25042.233,25948.12,25530.208,24.23,12.98,19.12
p463.stp,1707.0,1707.0,1707.0,2719.963,2841.495,2778.312,26.2,13.53,20.56
p464.stp,2622.0,2682.0,2645.5,9099.277,9645.506,9294.498,27.1,8.57,15.39
p465.stp,3947.0,4056.0,4008.6,40410.921,42983.338,41447.047,26.41,15.18,21.23
p466.stp,6538.0,6650.0,6609.2,364903.314,385594.517,373086.375,25.44,19.86,22.67
berlin52.stp,1129.0,1129.0,1129.0,652.656,700.159,671.948,6.54,4.16,4.45
brasil58.stp,14862.0,15303.0,15019.2,3977.257,4247.867,4101.6,25.33,10.38,19.62
world666.stp,135484.0,139044.0,137277.2,4953956.983,5377630.973,5125361.518,18.66,14.44,16.89
mc13.stp,100.0,100.0,100.0,35498.356,35773.238,35617.811,0.99,0.0,0.69
mc2.stp,77.0,77.0,77.0,14582.895,14918.992,14647.751,0.0,0.0,0.0
mc3.stp,45.0,45.0,45.0,2908.063,2918.198,2912.447,0.0,0.0,0.0
p401.stp,166.0,166.0,166.0,197.393,198.362,197.733,0.0,0.0,0.0
p402.stp,149.0,149.0,149.0,191.921,193.112,192.159,0.0,0.0,0.0
p403.stp,225.0,225.0,225.0,240.178,242.187,241.016,0.0,0.0,0.0
p404.stp,278.0,278.0,278.0,750.728,765.222,756.991,4.79,0.0,2.4
p405.stp,283.0,283.0,283.0,983.969,1010.76,997.859,5.03,0.0,2.52
p406.stp,261.0,261.0,261.0,468.343,475.358,470.541,0.0,0.0,0.0
p407.stp,597.0,599.0,598.8,4729.499,5081.19,4920.18,10.46,0.0,6.03
p408.stp,547.0,547.0,547.0,3797.379,4002.408,3875.54,7.45,1.26,4.33
p409.stp,975.0,985.0,980.5,21250.84,22759.074,22113.275,8.96,3.07,5.94
p410.stp,990.0,1005.0,996.6,18379.801,19095.241,18792.968,7.99,0.99,4.93
antiwheel5.stp,7.0,7.0,7.0,21.651,21.831,21.711,0.0,0.0,0.0
design432.stp,8.0,8.0,8.0,5.759,5.937,5.821,0.0,0.0,0.0
oddcycle3.stp,3.0,3.0,3.0,4.52,4.599,4.566,0.0,0.0,0.0
oddwheel3.stp,4.0,4.0,4.0,4.968,5.089,5.012,0.0,0.0,0.0
se03.stp,8.0,8.0,8.0,5.336,5.448,5.382,0.0,0.0,0.0
w13c29.stp,528.0,533.0,530.8,3069112.404,3205967.379,3118026.603,7.53,5.18,6.12
w23c23.stp,723.0,728.0,725.4,4844081.429,5026628.724,4941044.784,7.54,4.72,6.47
ER-001.stp,385.0,385.0,385.0,47.445,48.781,48.062,0.0,0.0,0.0
ER-002.stp,140.0,140.0,140.0,84.189,85.264,84.855,0.0,0.0,0.0
ER-003.stp,118.0,118.0,118.0,198.811,206.461,201.775,7.81,0.0,4.89
ER-004.stp,64.0,64.0,64.0,117.728,120.832,119.55,0.0,0.0,0.0
ER-005.stp,117.0,117.0,117.0,262.805,265.618,263.938,0.0,0.0,0.0
ER-006.stp,76.0,76.0,76.0,359.599,362.26,360.761,0.0,0.0,0.0
ER-007.stp,46.0,46.0,46.0,345.703,347.791,346.544,0.0,0.0,0.0
ER-008.stp,69.0,69.0,69.0,480.821,489.759,485.931,8.0,4.17,6.85
ER-009.stp,38.0,38.0,38.0,320.673,323.179,321.643,0.0,0.0,0.0
ER-010.stp,323.0,323.0,323.0,506.617,529.199,516.831,4.72,0.0,1.37
ER-011.stp,246.0,247.0,246.4,1580.79,1652.146,1609.637,10.87,6.46,8.15
ER-012.stp,166.0,168.0,167.3,2996.939,3148.087,3057.715,12.17,5.08,7.27
ER-013.stp,134.0,135.0,134.1,2201.361,2293.07,2261.952,8.84,0.74,6.48
ER-014.stp,91.0,91.0,91.0,2146.772,2238.305,2188.406,11.65,1.09,5.76
ER-015.stp,89.0,89.0,89.0,2239.324,2333.874,2294.924,6.32,0.0,3.22
ER-016.stp,80.0,80.0,80.0,3074.899,3221.721,3145.633,6.98,0.0,3.34
ER-017.stp,72.0,73.0,72.1,2847.034,2952.762,2890.946,6.49,2.7,4.61
ER-018.stp,55.0,56.0,55.6,2234.582,2321.14,2279.811,11.29,5.08,7.29
ER-019.stp,406.0,410.0,407.7,3087.69,3256.753,3162.189,14.14,1.21,6.47
ER-020.stp,232.0,233.0,232.2,5539.011,5816.092,5664.715,6.83,1.28,4.44
ER-021.stp,122.0,123.0,122.5,5958.1,6348.444,6154.423,10.29,3.15,7.36
ER-022.stp,105.0,105.0,105.0,7988.158,8526.273,8296.301,8.7,2.78,5.95
ER-023.stp,95.0,96.0,95.9,7365.567,7679.689,7497.511,12.04,3.03,5.73
ER-024.stp,111.0,111.0,111.0,9750.729,9970.81,9863.756,11.9,3.48,6.01
ER-025.stp,76.0,77.0,76.2,6275.211,6324.49,6293.756,7.32,2.56,5.56
ER-026.stp,77.0,78.0,77.7,8963.506,9263.795,9162.217,14.29,6.02,10.12
ER-027.stp,62.0,62.0,62.0,6863.078,6994.364,6903.471,13.89,3.12,7.12
ER-028.stp,361.0,364.0,362.9,12128.723,12975.952,12548.375,14.39,6.2,10.07
ER-029.stp,202.0,204.0,203.1,14426.897,14787.828,14603.322,12.45,5.99,9.11
ER-030.stp,165.0,167.0,166.4,22409.142,23879.053,23134.836,16.5,5.68,10.8
ER-031.stp,143.0,145.0,144.3,22046.973,23008.503,22469.266,9.43,2.68,7.05
ER-032.stp,153.0,156.0,154.4,21994.398,23100.614,22554.468,8.93,1.91,6.16
ER-033.stp,111.0,112.0,111.8,24928.633,25901.84,25378.978,11.11,5.93,8.33
ER-034.stp,109.0,111.0,110.4,29534.009,30991.217,30040.584,15.38,8.26,11.74
ER-035.stp,84.0,87.0,85.9,17103.401,17797.488,17504.31,11.46,3.33,7.39
ER-036.stp,80.0,82.0,81.1,23538.345,24125.381,23749.333,12.9,5.75,9.04
ER-037.stp,404.0,407.0,406.0,20842.844,21885.728,21216.884,16.15,7.5,10.6
ER-038.stp,225.0,227.0,225.7,23124.126,24151.157,23675.742,12.06,5.44,9.71
ER-039.stp,188.0,190.0,189.1,27990.09,29979.995,29321.26,10.9,4.04,7.18
ER-040.stp,161.0,163.0,161.6,46693.488,48272.67,47319.412,16.15,2.98,11.39
ER-041.stp,138.0,140.0,139.8,30805.179,31287.639,31011.476,8.5,4.76,6.16
ER-042.stp,103.0,104.0,103.6,27895.068,28553.197,28269.929,9.65,1.89,5.76
ER-043.stp,113.0,115.0,113.8,46695.724,49412.896,48187.668,14.39,10.24,12.24
ER-044.stp,94.0,96.0,95.0,39473.192,40739.923,39977.268,12.96,4.0,8.32
ER-045.stp,102.0,104.0,102.8,43347.522,44511.232,43983.963,10.53,4.63,7.43
ER-046.stp,405.0,409.0,406.6,30604.901,32559.303,31332.29,9.4,2.39,4.38
ER-047.stp,284.0,288.0,286.7,53094.588,55923.542,54275.076,9.18,2.37,5.1
ER-048.stp,189.0,195.0,192.6,62722.547,65303.916,63940.129,13.39,3.98,9.47
ER-049.stp,159.0,160.0,159.5,77695.937,79757.961,78563.377,13.98,6.47,9.22
ER-050.stp,144.0,147.0,145.7,74013.074,76666.456,75530.32,14.71,6.41,9.71
ER-051.stp,116.0,118.0,116.9,64889.698,67092.798,65813.811,10.0,5.65,7.13
ER-052.stp,115.0,116.0,115.6,73179.684,76218.912,74419.546,14.18,7.26,11.38
ER-053.stp,108.0,110.0,109.1,77207.728,80731.31,79186.706,14.84,7.63,11.73
ER-054.stp,109.0,113.0,111.1,67591.557,69681.407,68821.739,14.17,4.27,9.15
ER-055.stp,468.0,471.0,469.4,62008.354,64079.722,62925.602,10.31,2.9,7.12
ER-056.stp,256.0,259.0,257.5,82953.76,85771.22,84375.531,10.14,4.46,7.51
ER-057.stp,200.0,203.0,201.3,104550.307,108750.849,106036.88,12.23,4.69,9.02
ER-058.stp,162.0,164.0,162.7,110806.251,115809.906,113824.859,14.21,7.39,10.11
ER-059.stp,135.0,137.0,136.5,97105.854,99751.37,98294.775,12.26,4.86,7.98
ER-060.stp,138.0,141.0,139.6,130328.018,135154.44,131876.405,13.21,7.95,10.42
ER-061.stp,127.0,130.0,128.5,95161.49,98535.683,96964.22,8.57,4.41,6.73
ER-062.stp,108.0,110.0,108.9,131941.852,137167.623,134682.837,15.5,9.17,13.04
ER-063.stp,122.0,126.0,124.1,122553.076,126497.773,124736.204,12.86,3.08,9.95
ER-064.stp,418.0,423.0,420.4,100254.299,106189.472,102795.499,9.52,6.26,7.41
ER-065.stp,245.0,249.0,247.4,122865.176,128290.417,126572.697,12.37,4.6,8.45
ER-066.stp,215.0,218.0,216.4,145192.824,150648.959,147993.37,10.0,5.68,7.18
ER-067.stp,176.0,178.0,176.9,168957.351,174566.936,171545.605,12.44,5.35,8.02
ER-068.stp,150.0,151.0,150.7,189811.795,194193.71,192522.023,13.79,7.36,10.73
ER-069.stp,150.0,153.0,152.0,174104.157,181524.203,178016.738,13.22,8.38,10.88
ER-070.stp,139.0,141.0,140.3,193446.467,201087.393,197412.799,13.58,6.67,9.91
ER-071.stp,122.0,124.0,123.0,164380.215,168303.628,167004.004,12.14,5.38,7.61
ER-072.stp,120.0,123.0,121.5,116952.803,119680.236,117737.237,9.7,3.2,7.0
ER-073.stp,446.0,449.0,447.6,107193.0,111605.673,109316.516,6.86,2.6,4.88
ER-074.stp,258.0,260.0,259.4,203122.909,211783.071,205999.544,13.09,4.41,8.86
ER-075.stp,222.0,226.0,224.9,233145.002,242011.186,238278.393,15.91,6.22,9.82
ER-076.stp,195.0,198.0,196.3,231179.153,240076.843,235672.126,12.95,5.31,9.74
ER-077.stp,165.0,168.0,167.4,236687.012,241154.096,238891.597,13.85,5.62,10.31
ER-078.stp,158.0,160.0,158.9,267020.287,277265.242,273424.038,16.4,11.11,13.76
ER-079.stp,145.0,147.0,146.6,237773.901,248279.309,244239.988,12.12,5.77,9.09
ER-080.stp,139.0,142.0,140.9,238079.845,248364.731,243028.853,15.06,7.19,10.25
ER-081.stp,134.0,138.0,135.6,221441.994,229246.445,224355.571,12.99,3.57,8.93
ER-082.stp,500.0,504.0,502.3,219016.638,229434.261,223896.343,13.45,3.64,8.68
ER-083.stp,288.0,291.0,289.4,218875.032,230777.416,222187.709,10.25,4.61,6.86
ER-084.stp,218.0,221.0,219.4,296843.088,306986.759,303041.338,13.73,7.95,10.34
ER-085.stp,185.0,186.0,185.5,306571.223,319568.166,314256.329,11.43,7.46,10.24
ER-086.stp,194.0,197.0,195.8,335134.904,346745.808,341350.024,11.76,8.37,9.8
ER-087.stp,156.0,158.0,156.6,327218.607,337935.703,333913.532,16.49,8.19,10.79
ER-088.stp,149.0,152.0,150.4,350257.673,362287.307,354800.482,13.37,7.36,10.86
ER-089.stp,143.0,145.0,143.7,357939.283,366074.933,361779.044,13.86,7.69,10.48
ER-090.stp,143.0,147.0,145.0,328090.047,335953.503,331759.338,13.69,4.61,8.96
ER-091.stp,505.0,512.0,508.5,212890.996,219613.494,215616.269,7.99,3.4,5.87
ER-092.stp,293.0,298.0,295.4,410555.352,429170.875,421687.787,12.98,8.02,10.28
ER-093.stp,248.0,253.0,250.9,447991.985,472905.054,457405.736,15.02,8.36,11.74
ER-094.stp,214.0,217.0,215.4,449129.37,470627.587,461882.791,13.65,6.49,9.7
ER-095.stp,185.0,189.0,187.9,473447.856,490848.183,480601.269,15.25,5.5,10.65
ER-096.stp,175.0,178.0,176.2,402337.252,411118.209,407379.156,11.62,7.33,9.94
ER-097.stp,157.0,160.0,158.7,492344.348,504543.346,498103.146,16.67,9.71,13.41
ER-098.stp,156.0,162.0,160.0,432092.458,449261.637,439969.251,15.22,6.98,12.37
ER-099.stp,146.0,148.0,147.2,443216.655,455335.484,449273.671,13.45,8.12,10.32
ER-100.stp,552.0,557.0,554.7,313432.085,329441.235,320487.903,10.32,4.98,7.52
ER-101.stp,344.0,347.0,345.3,483383.617,505922.758,490973.243,12.47,6.25,9.29
ER-102.stp,238.0,242.0,240.6,526236.672,559689.975,541663.503,15.85,8.71,12.18
ER-103.stp,216.0,217.0,216.5,522007.804,548626.13,537923.007,13.2,5.26,9.5
ER-104.stp,205.0,208.0,206.9,603422.355,622166.675,612995.036,13.03,5.91,9.04
ER-105.stp,186.0,189.0,187.6,524201.683,548019.834,535981.086,14.22,8.29,11.17
ER-106.stp,167.0,171.0,168.8,622265.613,644167.167,636506.4,13.85,5.62,10.07
ER-107.stp,168.0,173.0,170.6,644299.801,673151.636,660140.058,15.69,7.61,12.18
ER-108.stp,160.0,165.0,162.1,536973.743,549455.499,543066.966,9.55,4.68,7.77
ER-109.stp,546.0,557.0,554.0,498810.236,520753.856,508696.091,11.24,4.31,8.42
ER-110.stp,336.0,341.0,338.9,610535.09,628025.003,618216.21,9.84,5.54,7.49
ER-111.stp,254.0,258.0,257.0,652924.855,665325.882,658554.883,11.11,8.87,10.32
ER-112.stp,233.0,237.0,234.8,652097.245,688751.377,664696.542,12.64,6.69,10.39
ER-113.stp,210.0,217.0,213.8,742031.914,764326.421,754197.954,16.47,9.28,12.99
ER-114.stp,185.0,188.0,186.5,835617.16,878002.709,864114.05,14.29,8.33,12.16
ER-115.stp,181.0,185.0,183.3,852174.368,892283.757,870032.524,12.02,6.63,8.78
ER-116.stp,176.0,179.0,178.1,835210.387,868855.574,853370.073,16.59,8.21,12.55
ER-117.stp,178.0,182.0,179.9,749798.723,768733.729,762487.986,13.81,8.59,10.91
ER-118.stp,517.0,524.0,520.8,523171.587,541020.224,533970.934,9.93,2.43,6.76
ER-119.stp,336.0,339.0,337.1,802430.359,835389.18,814745.039,13.37,5.85,9.76
ER-120.stp,274.0,278.0,276.2,857076.645,876635.255,865587.877,12.66,5.8,9.31
ER-121.stp,243.0,249.0,245.8,829548.469,866170.561,848316.563,17.63,9.16,11.62
ER-122.stp,215.0,218.0,216.3,914939.381,984665.575,932597.722,12.24,8.02,9.82
ER-123.stp,197.0,201.0,199.0,967828.125,1006817.625,985662.442,18.85,10.76,14.06
ER-124.stp,183.0,187.0,184.5,993808.139,1037685.479,1018608.961,15.21,9.41,13.07
ER-125.stp,197.0,201.0,199.0,1041004.755,1071100.087,1053888.112,14.59,8.33,12.3
ER-126.stp,186.0,189.0,188.0,1046690.757,1083605.106,1058179.498,15.62,10.53,12.89
ER-127.stp,575.0,580.0,577.7,652693.575,667829.527,658959.462,9.95,5.73,8.24
ER-128.stp,371.0,374.0,372.9,982034.055,1021552.484,999670.877,11.67,6.97,9.6
ER-129.stp,284.0,288.0,285.8,1080742.206,1131116.674,1108795.85,15.63,7.44,11.72
ER-130.stp,237.0,241.0,238.8,1157673.519,1198941.263,1170257.122,16.43,9.77,12.77
ER-131.stp,212.0,215.0,213.2,1193300.586,1317958.952,1277244.952,15.81,10.5,13.44
ER-132.stp,210.0,214.0,212.7,1189788.128,1258390.401,1226289.104,16.8,10.08,12.92
ER-133.stp,200.0,205.0,202.8,1232374.728,1294100.121,1262098.587,15.77,5.56,12.11
ER-134.stp,198.0,203.0,200.7,1262012.949,1298113.917,1283837.98,17.96,8.56,12.13
ER-135.stp,192.0,197.0,195.2,1337824.315,1383538.117,1356498.625,15.42,7.55,11.36
ER-136.stp,547.0,551.0,549.1,917213.805,969665.794,936574.617,10.77,5.97,8.08
ER-137.stp,358.0,361.0,359.8,1148446.176,1175345.454,1166229.839,10.47,4.76,7.95
ER-138.stp,297.0,300.0,298.8,1265652.329,1318410.401,1307051.041,14.57,9.12,10.99
ER-139.stp,256.0,259.0,257.6,1429958.728,1469254.041,1446627.096,13.71,6.86,11.22
ER-140.stp,237.0,242.0,239.3,1418463.088,1464602.37,1433356.305,14.13,7.63,11.33
ER-141.stp,224.0,228.0,226.2,1565240.196,1737034.666,1651691.666,14.12,9.92,12.75
ER-142.stp,213.0,216.0,214.3,1566965.867,1659528.801,1615906.949,17.12,10.83,13.51
ER-143.stp,215.0,221.0,218.5,1359322.889,1398636.231,1379909.963,12.7,8.79,10.58
ER-144.stp,198.0,202.0,200.4,1670658.389,1775743.602,1724828.15,14.22,9.95,11.93
ER-145.stp,559.0,564.0,562.0,1075308.019,1138292.686,1102886.808,9.47,5.86,7.69
ER-146.stp,376.0,379.0,377.3,1275486.484,1342768.2,1298635.109,12.53,6.9,10.37
ER-147.stp,294.0,301.0,298.1,1676651.05,1744561.576,1727505.477,13.62,7.17,10.23
ER-148.stp,263.0,267.0,265.7,1865318.605,1923090.204,1892821.478,15.71,10.7,13.0
ER-149.stp,250.0,254.0,252.6,1881432.862,1947595.318,1915303.386,17.65,10.88,14.04
ER-150.stp,229.0,233.0,231.2,1910715.814,1947504.627,1925704.36,19.79,11.2,14.16
ER-151.stp,213.0,218.0,216.5,1841912.46,2004389.422,1896509.644,17.8,11.62,14.66
ER-152.stp,221.0,229.0,225.8,1874527.07,1929785.052,1905481.568,14.34,8.06,11.73
ER-153.stp,214.0,219.0,216.4,1836109.704,1880652.806,1859122.586,11.84,8.75,10.61
ER-154.stp,566.0,572.0,569.4,1188058.819,1244831.93,1224138.579,10.0,5.64,7.84
ER-155.stp,387.0,392.0,389.0,1824113.37,1922200.689,1854115.504,16.92,5.81,10.99
ER-156.stp,290.0,294.0,292.8,1810482.154,1910106.944,1869356.382,13.31,8.98,11.22
ER-157.stp,286.0,292.0,289.2,2168036.054,2230453.732,2200537.117,14.88,7.01,10.56
ER-158.stp,261.0,266.0,263.4,2399576.399,2469859.824,2435667.167,14.38,11.41,13.11
ER-159.stp,241.0,244.0,242.6,2022171.818,2090521.597,2052259.377,13.83,9.4,11.56
ER-160.stp,233.0,236.0,234.5,2444295.848,2636518.943,2558751.355,14.34,10.65,12.78
ER-161.stp,223.0,229.0,226.8,2068988.858,2118778.532,2094277.319,13.58,8.8,11.53
ER-162.stp,226.0,229.0,227.6,2351001.505,2399033.79,2379169.828,14.39,9.88,12.0
ER-163.stp,598.0,604.0,601.4,1542281.855,1590006.744,1565798.031,10.93,4.43,7.76
ER-164.stp,383.0,386.0,384.6,2049431.07,2111504.605,2080293.333,12.53,8.13,10.05
ER-165.stp,331.0,337.0,334.3,2271737.477,2404886.43,2344071.635,12.57,6.69,9.47
ER-166.stp,283.0,287.0,285.5,2392037.627,2457107.962,2425533.333,18.34,10.34,13.72
ER-167.stp,270.0,273.0,271.6,2475661.798,2542370.664,2509832.4,14.51,8.42,11.95
ER-168.stp,257.0,269.0,265.3,2490283.548,2547713.117,2522399.856,17.63,10.4,12.78
ER-169.stp,236.0,239.0,237.1,2733939.577,2809308.079,2774940.642,17.77,10.57,13.46
ER-170.stp,239.0,246.0,242.7,2719368.553,2782576.238,2748173.703,14.34,7.95,10.65
ER-171.stp,235.0,241.0,238.0,2408473.507,2513213.753,2467392.167,11.24,6.59,9.66
ER-172.stp,567.0,571.0,569.4,1856588.323,1936513.626,1900829.871,11.27,6.24,8.61
ER-173.stp,401.0,404.0,402.4,2096817.326,2167306.996,2129706.212,11.09,5.19,8.85
