Instance,Cost_Best,Cost_Worst,Cost_Avg,Time_Best_ms,Time_Worst_ms,Time_Avg_ms,Improvement_Best_%,Improvement_Worst_%,Improvement_Avg_%,Runs_Completed
ER-174.stp,322.0,322.0,322.0,2513233.325,2513233.325,2513233.325,10.56,10.56,10.56,1
ER-175.stp,292.0,292.0,292.0,2898387.053,2898387.053,2898387.053,16.09,16.09,16.09,1
ER-176.stp,282.0,282.0,282.0,2953076.285,2953076.285,2953076.285,11.88,11.88,11.88,1
ER-177.stp,267.0,267.0,267.0,3108116.766,3108116.766,3108116.766,13.31,13.31,13.31,1
ER-178.stp,259.0,259.0,259.0,3168514.018,3168514.018,3168514.018,14.24,14.24,14.24,1
ER-179.stp,246.0,246.0,246.0,3443650.35,3443650.35,3443650.35,11.19,11.19,11.19,1
ER-180.stp,240.0,240.0,240.0,3507324.558,3507324.558,3507324.558,14.59,14.59,14.59,1
es100fst01.stp,72709476.0,73169008.0,72948780.0,71720.742,77150.045,73564.344,7.58,3.14,5.37,10
es100fst02.stp,76056411.0,76316694.0,76193257.3,112288.818,118798.668,115770.332,5.98,2.62,4.47,10
es100fst03.stp,72784377.0,72809251.0,72794326.6,48840.772,50145.684,49704.716,4.57,1.73,3.15,10
es100fst04.stp,74485770.0,74523694.0,74499533.1,33663.263,35448.149,34569.134,6.14,1.75,3.92,10
es100fst05.stp,75484292.0,75619345.0,75508832.5,54711.849,57636.263,56382.336,4.19,2.08,2.84,10
es100fst06.stp,74464826.0,75149396.0,74842775.5,81549.165,87652.965,85136.342,8.22,5.27,7.16,10
es100fst07.stp,78255665.0,78696744.0,78454635.7,70465.508,77080.887,74627.181,6.71,3.21,5.12,10
es100fst08.stp,72483810.0,72860436.0,72716659.5,47882.633,49834.152,48964.208,6.15,2.15,4.44,10
es100fst09.stp,78028136.0,78229903.0,78136117.9,71471.786,74503.849,72837.996,5.49,3.24,4.5,10
es100fst10.stp,75359581.0,75668810.0,75529085.2,57871.61,60246.96,59055.761,5.25,3.09,3.91,10
es100fst11.stp,78848883.0,79122561.0,78991428.8,69177.228,73537.124,70849.942,4.79,2.52,3.36,10
es100fst12.stp,76718737.0,76928946.0,76806278.7,79636.795,86436.678,82455.889,7.0,3.02,4.83,10
es100fst13.stp,75025586.0,75266220.0,75135175.3,87361.171,94288.302,90521.394,5.47,3.36,4.31,10
es100fst14.stp,78685620.0,78810891.0,78737410.2,44627.435,48332.16,46505.869,4.9,1.2,3.58,10
es100fst15.stp,70881426.0,71049680.0,70997135.1,67508.185,71317.013,70062.908,5.05,1.96,3.86,10
es10fst01.stp,22459211.0,22459211.0,22459211.0,59.594,61.866,60.764,4.71,0.0,3.29,10
es10fst02.stp,19134104.0,19134104.0,19134104.0,52.365,52.656,52.509,0.0,0.0,0.0,10
es10fst03.stp,26003678.0,26003678.0,26003678.0,93.322,93.912,93.558,8.09,1.86,4.98,10
es10fst04.stp,20380220.0,20380220.0,20380220.0,53.907,54.355,54.079,0.0,0.0,0.0,10
es10fst05.stp,18818916.0,18818916.0,18818916.0,35.23,35.931,35.451,0.0,0.0,0.0,10
es10fst06.stp,25371472.0,25371472.0,25371472.0,55.448,56.429,55.729,0.0,0.0,0.0,10
es10fst07.stp,26025072.0,26025072.0,26025072.0,39.663,40.045,39.737,0.0,0.0,0.0,10
es10fst08.stp,24336484.0,24336484.0,24336484.0,87.921,88.305,88.132,1.7,1.7,1.7,10
es10fst09.stp,22083210.0,22083210.0,22083210.0,118.263,123.751,120.24,2.16,0.0,0.95,10
es10fst10.stp,24239614.0,24239614.0,24239614.0,63.03,63.552,63.303,0.0,0.0,0.0,10
es10fst11.stp,22239535.0,22239535.0,22239535.0,43.462,44.313,43.644,0.0,0.0,0.0,10
es10fst12.stp,18323756.0,18323756.0,18323756.0,36.655,37.004,36.809,0.0,0.0,0.0,10
es10fst13.stp,19483914.0,19483914.0,19483914.0,76.897,81.923,79.239,6.26,0.0,3.76,10
es10fst14.stp,19426974.0,19426974.0,19426974.0,100.745,102.918,101.686,3.49,0.0,1.74,10
es10fst15.stp,17322283.0,17322283.0,17322283.0,43.998,44.395,44.206,5.82,0.0,2.33,10
es20fst01.stp,32079858.0,32079858.0,32079858.0,185.898,187.673,186.71,0.0,0.0,0.0,10
es20fst02.stp,31710535.0,31710535.0,31710535.0,209.215,210.759,209.81,0.0,0.0,0.0,10
es20fst03.stp,27847417.0,27847417.0,27847417.0,186.835,188.453,187.64,0.0,0.0,0.0,10
es20fst04.stp,27678054.0,27679074.0,27678972.0,866.336,917.33,896.76,11.28,1.35,5.34,10
es20fst05.stp,34040324.0,34079691.0,34044260.7,769.311,783.369,777.344,11.26,3.42,7.52,10
es20fst06.stp,35756604.0,35756604.0,35756604.0,177.881,179.572,178.744,0.0,0.0,0.0,10
es20fst07.stp,34622517.0,34622517.0,34622517.0,522.453,575.154,543.649,7.46,0.68,2.28,10
es20fst08.stp,38016346.0,38165281.0,38075920.0,727.651,785.559,754.63,6.48,3.06,4.25,10
es20fst09.stp,33021098.0,33021098.0,33021098.0,213.927,218.118,215.731,5.75,0.0,1.15,10
es20fst10.stp,34135715.0,34135715.0,34135715.0,836.649,905.042,873.59,8.76,0.69,6.12,10
es20fst11.stp,27123908.0,27123908.0,27123908.0,284.003,295.095,289.822,1.1,0.0,0.42,10
es20fst12.stp,30412561.0,30412561.0,30412561.0,409.405,439.132,422.253,6.13,0.0,2.16,10
es20fst13.stp,34438673.0,34438673.0,34438673.0,277.383,292.055,285.847,2.86,0.0,0.59,10
es20fst14.stp,34166194.0,34166194.0,34166194.0,647.865,672.817,660.915,3.98,0.47,2.06,10
es20fst15.stp,32303746.0,32303746.0,32303746.0,377.924,397.698,389.231,0.96,0.39,0.51,10
es250fst01.stp,117409921.0,117612832.0,117523175.5,762413.36,780153.09,771965.62,5.32,3.29,4.42,4
es250fst02.stp,115985179.0,116093793.0,116044622.3333,1112073.572,1114751.591,1113704.247,3.81,3.17,3.57,3
es250fst03.stp,115414007.0,115648791.0,115552773.25,831080.613,853860.84,847904.238,5.61,2.77,4.0,4
es250fst04.stp,119058382.0,119167224.0,119112803.0,1308142.28,1358135.585,1333138.933,3.91,3.6,3.75,2
es250fst05.stp,118345573.0,118849988.0,118637212.3333,988955.281,1016953.356,1004939.574,4.75,2.46,3.61,3
es250fst06.stp,117620533.0,117784709.0,117712966.3333,945493.773,960935.446,952053.499,4.77,3.53,4.24,3
es250fst07.stp,115736890.0,115783660.0,115760275.0,1192206.395,1249267.839,1220737.117,3.98,2.39,3.19,2
es250fst08.stp,118491885.0,118748387.0,118620136.0,1494681.169,1504350.384,1499515.777,4.56,4.12,4.34,2
es250fst09.stp,117988711.0,118185866.0,118117214.6667,1099952.803,1136333.63,1121045.493,3.34,2.0,2.84,3
es250fst10.stp,117843377.0,117868247.0,117855812.0,1195528.856,1201314.246,1198421.551,3.81,3.75,3.78,2
es250fst11.stp,113785564.0,114039451.0,113944547.3333,1010339.334,1026630.399,1015819.897,4.46,3.15,3.67,3
es250fst12.stp,120250774.0,120398306.0,120310387.0,1141357.674,1158497.052,1150739.86,4.65,3.62,4.12,3
es250fst13.stp,117327644.0,117346243.0,117336943.5,1254579.446,1271562.125,1263070.785,6.36,5.07,5.71,2
es250fst14.stp,117576291.0,117652473.0,117614382.0,1200942.635,1228959.87,1214951.252,5.69,3.37,4.53,2
es250fst15.stp,116635385.0,116661366.0,116648375.5,1667476.99,1676924.16,1672200.575,4.41,3.45,3.93,2
es30fst01.stp,40882139.0,40943374.0,40935195.6,2196.791,2327.834,2266.344,6.32,2.5,3.77,10
es30fst02.stp,40900061.0,40934903.0,40924450.4,1778.28,1817.958,1798.979,6.1,1.64,3.48,10
es30fst03.stp,43216239.0,43271308.0,43225555.3,2296.431,2464.648,2404.052,9.36,2.78,5.93,10
es30fst04.stp,42167858.0,42190100.0,42178357.4,3602.86,3800.128,3699.879,10.44,2.22,7.3,10
es30fst05.stp,41804918.0,42203810.0,41981990.7,1772.573,1840.746,1809.182,7.59,1.56,3.76,10
es30fst06.stp,39889606.0,39938101.0,39918703.0,2587.23,2722.644,2679.41,9.29,1.96,5.01,10
es30fst07.stp,43761391.0,43761391.0,43761391.0,1328.368,1365.586,1349.448,7.08,0.0,3.72,10
es30fst08.stp,40858519.0,40858519.0,40858519.0,1839.643,1982.699,1901.107,9.23,5.0,7.02,10
es30fst09.stp,36827296.0,36827296.0,36827296.0,916.225,952.945,935.617,4.01,0.68,1.29,10
es30fst10.stp,42686610.0,42686610.0,42686610.0,857.625,887.096,867.324,1.49,0.31,0.74,10
es30fst11.stp,41695817.0,41695817.0,41695817.0,2428.743,2529.308,2484.206,8.18,0.66,4.46,10
es30fst12.stp,38416720.0,38416720.0,38416720.0,576.07,585.387,580.934,1.52,0.0,0.42,10
es30fst13.stp,37406646.0,37635491.0,37572110.2,1518.262,1629.566,1583.182,11.74,2.45,5.75,10
es30fst14.stp,42897025.0,42897025.0,42897025.0,772.344,791.231,781.146,0.06,0.0,0.05,10
es30fst15.stp,40603229.0,40797764.0,40720862.7,2909.318,3018.35,2960.706,16.82,2.72,7.84,10
es40fst01.stp,44443012.0,44535221.0,44502456.9,2618.164,2761.955,2700.86,4.1,0.63,2.12,10
es40fst02.stp,46811310.0,46823632.0,46816238.8,3461.513,3678.735,3547.955,7.79,1.55,4.18,10
es40fst03.stp,50084085.0,50272850.0,50130909.4,3037.705,3161.031,3086.713,6.14,1.64,4.29,10
es40fst04.stp,45289864.0,45289864.0,45289864.0,1017.288,1033.081,1022.868,1.83,0.0,0.5,10
es40fst05.stp,52007569.0,52095627.0,52051194.3,7354.809,8037.283,7667.612,10.02,4.19,6.47,10
es40fst06.stp,49753385.0,49785499.0,49761259.6,3142.572,3343.811,3253.601,6.78,0.71,3.91,10
es40fst07.stp,43945084.0,43945084.0,43945084.0,2202.515,2327.435,2267.034,3.06,0.7,1.93,10
es40fst08.stp,47606908.0,47779066.0,47646197.2,4795.697,5110.547,4969.301,9.0,3.12,6.33,10
es40fst09.stp,51817734.0,52101808.0,51998065.7,7363.919,7914.485,7724.439,9.17,2.36,5.62,10
es40fst10.stp,57136852.0,57353590.0,57276907.1,5265.421,5940.877,5615.039,6.12,2.75,4.01,10
es40fst11.stp,46783209.0,47105931.0,46974549.0,4508.358,4847.106,4666.949,5.94,1.86,3.85,10
es40fst12.stp,43843378.0,43843378.0,43843378.0,2177.994,2271.874,2235.578,3.16,0.11,1.16,10
es40fst13.stp,50964796.0,50964796.0,50964796.0,1777.412,1892.116,1837.647,3.19,0.18,1.43,10
es40fst14.stp,49295022.0,49295022.0,49295022.0,5553.941,6058.398,5808.195,10.21,0.95,5.3,10
es40fst15.stp,50283005.0,50359100.0,50290614.5,3800.491,3962.684,3916.829,6.61,1.51,4.19,10
es50fst01.stp,53900335.0,53954904.0,53929309.6,6290.125,6553.445,6395.929,3.91,1.45,2.2,10
es50fst02.stp,55777920.0,56037200.0,55884957.6,10537.5,11119.405,10830.243,7.19,2.2,4.79,10
es50fst03.stp,54920014.0,55155539.0,55002972.8,9453.934,9944.928,9736.521,5.56,2.94,4.11,10
es50fst04.stp,51461552.0,51611240.0,51512951.3,6267.474,6635.531,6415.31,5.14,1.88,3.81,10
es50fst05.stp,55200924.0,55200924.0,55200924.0,5745.742,6042.443,5957.985,4.76,1.02,2.78,10
es50fst06.stp,54236779.0,54553040.0,54274139.5,6453.084,6887.587,6666.984,4.92,1.69,3.27,10
es50fst07.stp,49765263.0,49817935.0,49793330.1,10832.235,11256.667,11025.274,7.1,1.96,3.78,10
es50fst08.stp,53754708.0,53754708.0,53754708.0,3469.674,3609.482,3529.796,1.88,0.75,1.33,10
es50fst09.stp,53975559.0,54184091.0,54073135.9,9433.802,10283.765,9875.277,6.21,1.53,3.48,10
es50fst10.stp,54372877.0,54611157.0,54488761.1,9121.599,9789.091,9423.178,7.58,2.85,5.06,10
es50fst11.stp,52723791.0,52792571.0,52751075.4,6050.973,6375.549,6175.245,4.47,1.5,2.75,10
es50fst12.stp,53451142.0,53491793.0,53483662.8,7614.118,7901.617,7788.432,8.82,1.61,4.55,10
es50fst13.stp,53891019.0,53990973.0,53922886.2,5822.264,6168.903,5950.436,5.35,1.25,3.22,10
es50fst14.stp,53591001.0,53704529.0,53657309.3,7985.549,8478.869,8211.288,6.7,1.73,4.11,10
es50fst15.stp,52180862.0,52203530.0,52185059.9,8087.172,8531.712,8314.095,4.11,0.63,2.43,10
es60fst01.stp,53761423.0,53927699.0,53814501.9,11271.346,11777.303,11535.888,7.27,1.53,4.45,10
es60fst02.stp,55434945.0,55622147.0,55479113.5,15779.373,16488.46,16102.669,6.74,3.56,4.76,10
es60fst03.stp,56566797.0,56672299.0,56589719.5,12599.425,13686.546,13021.348,5.33,2.54,3.85,10
es60fst04.stp,55522652.0,55829780.0,55599926.4,12466.315,13491.359,12772.406,7.85,1.94,4.49,10
es60fst05.stp,54716629.0,54900000.0,54821748.8,10845.818,11370.114,11143.132,6.65,1.58,3.83,10
es60fst06.stp,60494344.0,60685345.0,60562316.3,10299.259,11090.815,10705.712,5.73,1.35,3.1,10
es60fst07.stp,59260260.0,59771442.0,59513843.1,16420.484,17832.624,17122.03,7.54,3.41,4.9,10
es60fst08.stp,58138178.0,58159255.0,58146608.8,8460.446,8878.004,8656.63,6.62,0.84,2.98,10
es60fst09.stp,54886920.0,55269232.0,55094389.3,16194.787,16727.655,16380.697,4.11,3.19,3.71,10
es60fst10.stp,57759835.0,57968698.0,57881230.5,11560.609,12493.522,12027.014,5.41,1.33,2.84,10
es60fst11.stp,54850275.0,55018291.0,54981963.6,12051.626,12848.788,12284.09,6.64,1.8,3.38,10
es60fst12.stp,59863814.0,60251377.0,60083971.4,17840.592,19068.367,18594.858,6.69,2.71,4.62,10
es60fst13.stp,61628531.0,61974817.0,61799688.7,19173.662,20365.604,19837.453,9.94,5.89,7.4,10
es60fst14.stp,56217047.0,56217047.0,56217047.0,10019.716,10382.934,10209.583,4.09,0.55,2.16,10
es60fst15.stp,56603711.0,56872012.0,56783009.5,11125.7,11730.374,11534.531,3.88,1.54,2.63,10
es70fst01.stp,61350604.0,61401740.0,61376405.9,15590.761,16710.86,16205.463,6.03,2.03,3.81,10
es70fst02.stp,60845038.0,61147192.0,60952112.7,28453.04,30818.98,29615.981,9.4,4.32,6.25,10
es70fst03.stp,62245603.0,62514202.0,62360295.1,32942.812,34834.305,34039.746,9.35,4.13,5.8,10
es70fst04.stp,61815969.0,61853173.0,61842011.8,19611.987,20251.171,19898.724,6.36,2.9,4.07,10
es70fst05.stp,61310434.0,61520434.0,61389133.5,19265.549,20217.804,19875.571,9.77,3.7,6.95,10
es70fst06.stp,62403433.0,62666872.0,62556677.7,30548.866,32074.842,31590.521,8.3,3.49,5.87,10
es70fst07.stp,62293186.0,62470851.0,62376852.2,24746.267,26198.013,25639.45,6.97,2.38,4.36,10
es70fst08.stp,62138195.0,62310389.0,62222548.3,36201.393,38661.149,37379.343,7.97,4.17,6.66,10
es70fst09.stp,61870204.0,62081294.0,61951334.2,24904.756,27036.086,26277.849,8.88,3.29,5.86,10
es70fst10.stp,62612347.0,63190478.0,62985681.0,25165.226,26622.19,26059.157,8.76,3.63,6.2,10
es70fst11.stp,66665674.0,67220451.0,66888122.7,21978.989,24207.649,23097.019,6.68,2.33,4.72,10
es70fst12.stp,63047132.0,63047132.0,63047132.0,14593.98,15232.424,14893.687,5.79,2.12,3.48,10
es70fst13.stp,63335559.0,63537810.0,63412842.4,18377.094,19225.163,18859.665,4.49,1.3,2.77,10
es70fst14.stp,60411124.0,60458557.0,60447067.3,24932.366,26641.302,25839.638,6.58,1.07,4.28,10
es70fst15.stp,62331237.0,62972460.0,62772458.9,22386.577,24030.243,22932.043,6.8,1.94,4.28,10
es80fst01.stp,71013709.0,71329191.0,71166972.7,39857.907,43003.198,41855.593,5.03,0.53,2.41,10
es80fst02.stp,65336866.0,65635229.0,65456339.9,35134.75,37143.671,36250.046,7.72,2.77,5.11,10
es80fst03.stp,63783418.0,63877597.0,63814010.8,31045.724,33087.747,32197.344,6.67,2.28,4.42,10
es80fst04.stp,63317795.0,63510709.0,63406144.2,36069.741,39065.103,37495.492,6.01,2.33,4.34,10
es80fst05.stp,66361552.0,66501886.0,66418663.9,40530.422,43136.944,41587.928,5.85,1.83,4.07,10
es80fst06.stp,71173493.0,71404248.0,71261897.2,23956.06,25942.016,25122.652,5.52,0.5,2.85,10
es80fst07.stp,68065225.0,68356616.0,68188874.7,34663.2,36725.276,36081.167,7.31,1.4,4.63,10
es80fst08.stp,67819415.0,68152683.0,68001132.8,45260.859,47845.554,46715.284,5.29,1.83,3.46,10
es80fst09.stp,70589695.0,70881047.0,70732243.8,52284.303,54914.773,53749.428,6.15,2.94,4.59,10
es80fst10.stp,65558842.0,65614225.0,65590241.4,37987.878,39740.945,38984.423,5.29,1.33,2.47,10
es80fst11.stp,66481607.0,66569821.0,66536630.5,38284.884,40088.308,39469.617,6.8,3.34,4.48,10
es80fst12.stp,65110489.0,65413715.0,65253480.0,23741.092,24412.976,24022.831,5.69,1.59,3.66,10
es80fst13.stp,67059060.0,67284190.0,67188828.3,20639.461,21900.112,21286.468,5.16,2.17,3.29,10
es80fst14.stp,70221575.0,70451013.0,70311933.0,35912.76,37532.935,36658.481,4.81,1.54,3.5,10
es80fst15.stp,70211544.0,70382481.0,70312267.8,31186.368,32704.575,32057.289,6.43,1.02,4.36,10
es90fst01.stp,68376885.0,68441801.0,68395358.5,28439.626,30231.946,29171.855,4.49,1.04,1.98,10
es90fst02.stp,71007474.0,71598249.0,71413706.1,43364.357,46857.395,45191.226,6.95,3.67,5.06,10
es90fst03.stp,74986724.0,75541749.0,75383629.2,59096.308,61494.744,60404.876,6.9,2.79,4.17,10
es90fst04.stp,70969191.0,71181411.0,71114198.4,40417.539,44008.152,42006.137,6.9,1.54,3.28,10
es90fst05.stp,71831224.0,72099263.0,71940711.2,35604.902,37146.547,36487.332,6.46,1.06,4.07,10
es90fst06.stp,68739214.0,69025259.0,68902996.1,43496.918,46631.345,44895.253,5.27,1.49,3.16,10
es90fst07.stp,72127423.0,72298921.0,72228261.2,53362.39,55345.828,54472.984,4.12,1.84,3.13,10
es90fst08.stp,72223051.0,72588657.0,72378769.1,40197.726,41456.003,40824.587,6.31,2.94,4.16,10
es90fst09.stp,67610896.0,67952202.0,67821458.3,61642.053,66685.963,63689.086,6.73,3.05,5.04,10
es90fst10.stp,72933937.0,73237153.0,73098045.0,63320.448,67629.699,65595.06,6.25,3.44,4.85,10
es90fst11.stp,72432228.0,72759452.0,72591106.4,51471.177,54405.759,52738.747,6.8,3.12,5.45,10
es90fst12.stp,69728276.0,69894971.0,69790728.3,66480.775,71239.733,68987.975,9.4,3.8,6.19,10
es90fst13.stp,73402788.0,73868418.0,73662159.9,55580.819,61183.072,58176.798,7.23,1.18,4.56,10
es90fst14.stp,67843153.0,68150311.0,67984882.5,33593.612,35484.219,34256.057,5.46,2.19,3.78,10
es90fst15.stp,72094819.0,72310912.0,72205211.7,47441.887,50331.584,49293.756,6.35,4.07,5.1,10
p619.stp,7485.0,7485.0,7485.0,85.061,86.402,85.396,4.81,4.81,4.81,10
p620.stp,5214.0,5214.0,5214.0,22.379,22.59,22.472,0.0,0.0,0.0,10
p621.stp,8844.0,8844.0,8844.0,72.736,73.142,72.93,0.0,0.0,0.0,10
p622.stp,15972.0,15972.0,15972.0,223.415,237.953,229.765,16.43,2.88,8.23,10
p623.stp,19496.0,19496.0,19496.0,233.134,238.794,235.467,6.78,6.78,6.78,10
p624.stp,20246.0,20246.0,20246.0,908.629,947.601,923.761,15.75,1.86,6.64,10
p625.stp,23185.0,23331.0,23244.0,1220.36,1314.994,1271.782,11.82,3.45,6.94,10
p626.stp,22346.0,22386.0,22352.0,1092.553,1157.843,1124.746,10.83,6.13,9.33,10
p627.stp,40647.0,40884.0,40774.5,6600.714,6885.115,6752.668,9.74,2.23,5.25,10
p628.stp,40008.0,40444.0,40135.0,5499.975,5993.814,5695.357,13.75,3.4,8.16,10
p629.stp,42799.0,43034.0,42843.5,5527.929,5679.144,5606.436,9.96,3.58,6.81,10
p630.stp,26721.0,26721.0,26721.0,539.089,563.887,548.619,10.66,1.22,5.92,10
p631.stp,37842.0,37968.0,37930.2,1597.413,1668.658,1624.232,22.02,5.24,16.25,10
p632.stp,56379.0,56746.0,56541.9,7276.189,7667.103,7475.773,13.37,7.64,10.31,10
p633.stp,86536.0,87501.0,87130.3,36729.866,37759.963,37289.717,9.26,4.72,7.62,10
i080-001.stp,1702.0,1702.0,1702.0,28.518,28.751,28.633,0.0,0.0,0.0,10
i080-002.stp,1679.0,1679.0,1679.0,73.001,73.473,73.306,0.0,0.0,0.0,10
i080-003.stp,1706.0,1706.0,1706.0,38.085,38.361,38.195,0.0,0.0,0.0,10
i080-004.stp,1958.0,1958.0,1958.0,48.762,49.601,49.012,0.0,0.0,0.0,10
i080-005.stp,1589.0,1589.0,1589.0,19.915,20.069,20.001,0.0,0.0,0.0,10
i080-011.stp,1308.0,1308.0,1308.0,37.387,38.923,37.634,0.0,0.0,0.0,10
i080-012.stp,1265.0,1265.0,1265.0,42.851,43.095,42.958,0.0,0.0,0.0,10
i080-013.stp,1282.0,1282.0,1282.0,44.874,46.035,45.184,0.0,0.0,0.0,10
i080-014.stp,1281.0,1281.0,1281.0,41.989,42.407,42.166,0.0,0.0,0.0,10
i080-015.stp,1012.0,1012.0,1012.0,25.254,25.494,25.326,0.0,0.0,0.0,10
i080-021.stp,907.0,907.0,907.0,57.162,57.686,57.412,0.0,0.0,0.0,10
i080-022.stp,904.0,904.0,904.0,57.98,58.627,58.219,0.0,0.0,0.0,10
i080-023.stp,899.0,899.0,899.0,58.119,59.085,58.324,0.0,0.0,0.0,10
i080-024.stp,908.0,908.0,908.0,56.664,57.096,56.796,0.0,0.0,0.0,10
i080-025.stp,902.0,902.0,902.0,57.598,57.965,57.749,0.0,0.0,0.0,10
i080-031.stp,1569.0,1569.0,1569.0,32.478,32.699,32.577,0.0,0.0,0.0,10
i080-032.stp,1988.0,1988.0,1988.0,33.064,33.364,33.206,0.0,0.0,0.0,10
i080-033.stp,1802.0,1802.0,1802.0,35.227,36.283,35.499,0.0,0.0,0.0,10
i080-034.stp,1393.0,1393.0,1393.0,22.495,23.006,22.703,0.0,0.0,0.0,10
i080-035.stp,1494.0,1494.0,1494.0,34.49,34.861,34.655,0.0,0.0,0.0,10
i080-041.stp,1006.0,1006.0,1006.0,32.51,32.767,32.62,0.0,0.0,0.0,10
i080-042.stp,1173.0,1173.0,1173.0,39.647,39.893,39.784,0.0,0.0,0.0,10
i080-043.stp,1081.0,1081.0,1081.0,36.987,37.164,37.087,0.0,0.0,0.0,10
i080-044.stp,1194.0,1194.0,1194.0,57.843,58.235,57.995,0.0,0.0,0.0,10
i080-045.stp,1171.0,1171.0,1171.0,51.612,51.997,51.806,0.0,0.0,0.0,10
i080-101.stp,2728.0,2728.0,2728.0,85.573,86.222,85.919,0.0,0.0,0.0,10
i080-102.stp,2405.0,2405.0,2405.0,84.62,85.283,85.006,0.0,0.0,0.0,10
i080-103.stp,2787.0,2787.0,2787.0,130.539,142.482,136.44,0.57,0.54,0.56,10
i080-104.stp,2565.0,2565.0,2565.0,54.213,54.861,54.537,0.5,0.0,0.25,10
i080-105.stp,2203.0,2203.0,2203.0,51.191,51.571,51.353,0.0,0.0,0.0,10
i080-111.stp,1777.0,1777.0,1777.0,53.554,54.183,53.875,0.0,0.0,0.0,10
i080-112.stp,1678.0,1678.0,1678.0,54.7,55.756,54.965,0.0,0.0,0.0,10
i080-113.stp,1682.0,1682.0,1682.0,53.425,54.29,53.879,0.0,0.0,0.0,10
i080-114.stp,1676.0,1676.0,1676.0,44.405,44.768,44.542,0.0,0.0,0.0,10
i080-115.stp,1685.0,1685.0,1685.0,67.287,67.884,67.575,0.0,0.0,0.0,10
i080-121.stp,1198.0,1198.0,1198.0,89.89,91.334,90.258,0.0,0.0,0.0,10
i080-122.stp,1199.0,1199.0,1199.0,91.546,94.405,92.018,0.0,0.0,0.0,10
i080-123.stp,1206.0,1206.0,1206.0,91.813,92.52,92.097,0.0,0.0,0.0,10
i080-124.stp,1174.0,1174.0,1174.0,92.52,93.194,92.713,0.0,0.0,0.0,10
i080-125.stp,1194.0,1194.0,1194.0,92.625,93.391,93.018,0.0,0.0,0.0,10
i080-131.stp,2065.0,2065.0,2065.0,32.059,32.343,32.16,0.0,0.0,0.0,10
i080-132.stp,1686.0,1686.0,1686.0,23.854,24.728,24.046,0.0,0.0,0.0,10
i080-133.stp,2260.0,2260.0,2260.0,92.776,93.215,92.969,0.0,0.0,0.0,10
i080-134.stp,2067.0,2067.0,2067.0,52.523,54.001,52.93,0.0,0.0,0.0,10
i080-135.stp,1971.0,1971.0,1971.0,89.742,90.76,90.226,11.77,11.77,11.77,10
i080-141.stp,1582.0,1582.0,1582.0,90.871,91.454,91.103,0.0,0.0,0.0,10
i080-142.stp,1570.0,1570.0,1570.0,63.465,63.847,63.641,0.0,0.0,0.0,10
i080-143.stp,1479.0,1479.0,1479.0,66.686,66.971,66.86,0.0,0.0,0.0,10
i080-144.stp,1584.0,1584.0,1584.0,80.875,81.757,81.191,0.0,0.0,0.0,10
i080-145.stp,1572.0,1572.0,1572.0,63.551,64.162,63.786,0.0,0.0,0.0,10
i080-201.stp,4567.0,4567.0,4567.0,272.616,286.872,281.169,5.97,0.15,3.77,10
i080-202.stp,4305.0,4305.0,4305.0,189.942,192.272,190.906,0.0,0.0,0.0,10
i080-203.stp,4684.0,4684.0,4684.0,265.841,279.042,270.816,4.87,2.4,2.88,10
i080-204.stp,4465.0,4465.0,4465.0,311.253,318.224,315.883,3.9,3.9,3.9,10
i080-205.stp,4475.0,4475.0,4475.0,348.807,355.489,351.656,1.99,1.86,1.95,10
i080-211.stp,3545.0,3545.0,3545.0,236.554,240.511,238.758,0.0,0.0,0.0,10
i080-212.stp,3353.0,3353.0,3353.0,250.015,253.675,251.957,0.15,0.0,0.03,10
i080-213.stp,3076.0,3076.0,3076.0,154.621,156.429,155.454,0.0,0.0,0.0,10
i080-214.stp,3258.0,3258.0,3258.0,239.544,241.47,240.812,0.0,0.0,0.0,10
i080-215.stp,3477.0,3477.0,3477.0,223.995,230.183,225.799,0.0,0.0,0.0,10
i080-221.stp,2427.0,2427.0,2427.0,319.777,323.384,321.04,0.0,0.0,0.0,10
i080-222.stp,2377.0,2377.0,2377.0,321.504,323.939,322.481,0.0,0.0,0.0,10
i080-223.stp,2400.0,2400.0,2400.0,321.397,326.033,322.976,0.0,0.0,0.0,10
i080-224.stp,2405.0,2405.0,2405.0,319.957,325.887,321.9,0.0,0.0,0.0,10
i080-225.stp,2392.0,2392.0,2392.0,321.462,322.613,321.895,0.0,0.0,0.0,10
i080-231.stp,4198.0,4198.0,4198.0,177.72,179.398,178.726,0.0,0.0,0.0,10
i080-232.stp,4258.0,4258.0,4258.0,199.908,204.54,202.182,0.0,0.0,0.0,10
i080-233.stp,4141.0,4141.0,4141.0,234.405,239.504,237.474,2.7,0.0,0.79,10
i080-234.stp,3680.0,3680.0,3680.0,275.942,286.409,282.424,2.77,0.51,1.87,10
i080-235.stp,4438.0,4438.0,4438.0,490.362,534.762,510.553,7.14,0.0,3.29,10
i080-241.stp,2971.0,2971.0,2971.0,229.644,231.814,230.774,0.0,0.0,0.0,10
i080-242.stp,3064.0,3064.0,3064.0,252.32,253.621,253.018,0.0,0.0,0.0,10
i080-243.stp,2883.0,2883.0,2883.0,251.313,253.853,252.596,0.0,0.0,0.0,10
i080-244.stp,3065.0,3065.0,3065.0,265.724,270.092,266.978,0.0,0.0,0.0,10
i080-245.stp,2959.0,2959.0,2959.0,219.923,223.17,221.153,0.0,0.0,0.0,10
i080-301.stp,5519.0,5519.0,5519.0,582.117,607.183,597.554,11.41,0.2,6.04,10
i080-302.stp,5852.0,5852.0,5852.0,339.803,361.482,350.684,3.59,0.32,2.05,10
i080-303.stp,5766.0,5766.0,5766.0,541.659,582.756,555.618,4.76,0.19,3.04,10
i080-304.stp,5421.0,5421.0,5421.0,606.98,639.548,624.209,9.76,3.75,6.91,10
i080-305.stp,5718.0,5718.0,5718.0,553.904,571.425,560.898,4.87,1.63,3.44,10
i080-311.stp,4254.0,4254.0,4254.0,377.925,385.604,382.205,0.14,0.0,0.1,10
i080-312.stp,4328.0,4328.0,4328.0,476.062,479.672,478.179,0.07,0.07,0.07,10
i080-313.stp,4456.0,4456.0,4456.0,330.98,336.182,333.175,0.0,0.0,0.0,10
i080-314.stp,4250.0,4250.0,4250.0,342.994,345.911,344.241,0.0,0.0,0.0,10
i080-315.stp,4044.0,4044.0,4044.0,286.577,289.495,287.809,0.0,0.0,0.0,10
i080-321.stp,2995.0,2995.0,2995.0,491.977,497.327,493.716,0.0,0.0,0.0,10
i080-322.stp,2992.0,2992.0,2992.0,492.15,497.096,493.835,0.0,0.0,0.0,10
i080-323.stp,2981.0,2981.0,2981.0,489.11,492.14,490.774,0.0,0.0,0.0,10
i080-324.stp,2989.0,2989.0,2989.0,488.896,492.624,491.33,0.0,0.0,0.0,10
i080-325.stp,3019.0,3019.0,3019.0,488.888,492.401,490.607,0.0,0.0,0.0,10
i080-331.stp,5076.0,5076.0,5076.0,270.213,277.143,273.402,0.16,0.0,0.03,10
i080-332.stp,5070.0,5080.0,5075.0,517.677,546.468,530.831,5.79,1.8,3.06,10
i080-333.stp,5067.0,5067.0,5067.0,256.444,261.711,258.686,3.52,0.0,0.35,10
i080-334.stp,5240.0,5240.0,5240.0,820.492,848.132,833.547,7.42,2.28,5.23,10
i080-335.stp,4685.0,4685.0,4685.0,288.553,294.133,291.223,1.99,1.99,1.99,10
i080-341.stp,3744.0,3744.0,3744.0,326.977,330.545,328.317,0.0,0.0,0.0,10
i080-342.stp,3667.0,3667.0,3667.0,299.906,302.108,300.865,0.0,0.0,0.0,10
i080-343.stp,4005.0,4005.0,4005.0,441.179,444.14,442.566,0.0,0.0,0.0,10
i080-344.stp,4108.0,4108.0,4108.0,444.509,451.922,447.367,0.0,0.0,0.0,10
i080-345.stp,3759.0,3759.0,3759.0,357.61,360.605,359.757,0.0,0.0,0.0,10
i160-001.stp,2478.0,2478.0,2478.0,127.691,128.732,128.375,0.0,0.0,0.0,10
i160-002.stp,2455.0,2455.0,2455.0,102.117,102.835,102.484,0.0,0.0,0.0,10
i160-003.stp,2477.0,2477.0,2477.0,170.375,176.327,172.817,7.75,0.0,5.42,10
i160-004.stp,2086.0,2086.0,2086.0,35.061,35.596,35.32,0.0,0.0,0.0,10
i160-005.stp,2296.0,2296.0,2296.0,45.157,45.718,45.355,0.0,0.0,0.0,10
i160-011.stp,1579.0,1579.0,1579.0,68.979,69.578,69.335,0.0,0.0,0.0,10
i160-012.stp,1760.0,1760.0,1760.0,100.777,101.532,101.103,0.0,0.0,0.0,10
i160-013.stp,1494.0,1494.0,1494.0,73.324,74.003,73.588,0.0,0.0,0.0,10
i160-014.stp,1666.0,1666.0,1666.0,71.222,71.929,71.675,0.0,0.0,0.0,10
i160-015.stp,1657.0,1657.0,1657.0,89.152,90.075,89.617,0.0,0.0,0.0,10
i160-021.stp,1111.0,1111.0,1111.0,178.584,180.315,179.361,0.0,0.0,0.0,10
i160-022.stp,1106.0,1106.0,1106.0,176.988,178.436,177.673,0.0,0.0,0.0,10
i160-023.stp,1094.0,1094.0,1094.0,179.452,180.364,179.967,0.0,0.0,0.0,10
i160-024.stp,1100.0,1100.0,1100.0,178.796,179.687,179.154,0.0,0.0,0.0,10
i160-025.stp,1089.0,1089.0,1089.0,176.809,178.48,177.277,0.0,0.0,0.0,10
i160-031.stp,1773.0,1773.0,1773.0,32.352,32.739,32.52,0.0,0.0,0.0,10
i160-032.stp,2487.0,2487.0,2487.0,107.734,108.606,108.152,0.0,0.0,0.0,10
i160-033.stp,1864.0,1864.0,1864.0,42.156,42.528,42.31,0.0,0.0,0.0,10
i160-034.stp,2013.0,2013.0,2013.0,96.905,97.913,97.395,0.0,0.0,0.0,10
i160-035.stp,2161.0,2161.0,2161.0,226.969,237.343,231.378,4.76,0.64,2.7,10
i160-041.stp,1364.0,1364.0,1364.0,150.472,152.86,151.33,0.0,0.0,0.0,10
i160-042.stp,1466.0,1466.0,1466.0,240.583,242.501,241.199,0.0,0.0,0.0,10
i160-043.stp,1188.0,1188.0,1188.0,66.019,68.502,66.827,0.0,0.0,0.0,10
i160-044.stp,1388.0,1388.0,1388.0,151.034,152.472,151.977,0.0,0.0,0.0,10
i160-045.stp,1463.0,1463.0,1463.0,190.205,192.989,191.825,0.0,0.0,0.0,10
i160-101.stp,3667.0,3667.0,3667.0,224.379,229.173,226.718,7.33,0.0,3.44,10
i160-102.stp,3564.0,3564.0,3564.0,357.166,385.418,374.046,2.84,2.44,2.76,10
i160-103.stp,3952.0,3952.0,3952.0,222.411,224.666,223.064,0.0,0.0,0.0,10
i160-104.stp,4049.0,4049.0,4049.0,124.753,128.002,126.311,2.27,0.0,0.59,10
i160-105.stp,3655.0,3655.0,3655.0,232.923,235.838,234.393,5.21,0.0,3.93,10
i160-111.stp,2703.0,2703.0,2703.0,185.675,187.631,186.684,0.0,0.0,0.0,10
i160-112.stp,2848.0,2848.0,2848.0,268.195,270.175,269.214,0.0,0.0,0.0,10
i160-113.stp,2841.0,2841.0,2841.0,263.996,265.741,264.767,0.0,0.0,0.0,10
i160-114.stp,2849.0,2849.0,2849.0,181.089,184.936,182.735,0.0,0.0,0.0,10
i160-115.stp,2482.0,2482.0,2482.0,159.842,160.857,160.342,0.0,0.0,0.0,10
i160-121.stp,1809.0,1809.0,1809.0,359.85,363.001,360.961,0.0,0.0,0.0,10
i160-122.stp,1805.0,1805.0,1805.0,362.418,366.291,364.108,0.0,0.0,0.0,10
i160-123.stp,1795.0,1795.0,1795.0,360.903,365.237,362.195,0.0,0.0,0.0,10
i160-124.stp,1797.0,1797.0,1797.0,359.975,363.108,361.859,0.0,0.0,0.0,10
i160-125.stp,1801.0,1801.0,1801.0,364.035,366.371,365.206,0.0,0.0,0.0,10
i160-131.stp,3378.0,3378.0,3378.0,210.106,212.48,211.051,0.0,0.0,0.0,10
i160-132.stp,3479.0,3479.0,3479.0,197.71,205.162,201.583,0.49,0.0,0.29,10
i160-133.stp,3574.0,3574.0,3574.0,303.563,321.531,311.062,2.75,0.22,1.44,10
i160-134.stp,3262.0,3262.0,3262.0,195.813,197.73,196.64,0.15,0.15,0.15,10
i160-135.stp,3826.0,3826.0,3826.0,164.628,166.114,165.138,0.0,0.0,0.0,10
i160-141.stp,2061.0,2061.0,2061.0,273.139,275.689,274.418,0.0,0.0,0.0,10
i160-142.stp,2244.0,2244.0,2244.0,335.435,339.939,336.956,0.0,0.0,0.0,10
i160-143.stp,2132.0,2132.0,2132.0,161.761,163.834,162.473,0.0,0.0,0.0,10
i160-144.stp,2265.0,2265.0,2265.0,335.594,340.401,337.461,0.0,0.0,0.0,10
i160-145.stp,2342.0,2342.0,2342.0,319.421,321.692,320.88,0.0,0.0,0.0,10
i160-201.stp,6923.0,6935.0,6926.6,1369.424,1438.165,1408.217,6.76,1.39,4.49,10
i160-202.stp,6938.0,6946.0,6941.2,967.987,1020.035,987.667,5.86,1.67,3.35,10
i160-203.stp,7227.0,7242.0,7236.0,1363.68,1430.044,1396.362,10.68,2.73,6.71,10
i160-204.stp,7036.0,7111.0,7051.4,943.344,983.029,960.393,9.66,1.15,5.11,10
i160-205.stp,7131.0,7132.0,7131.7,952.154,991.276,971.648,4.19,0.0,2.81,10
i160-211.stp,5305.0,5305.0,5305.0,685.007,693.454,687.808,0.08,0.0,0.02,10
i160-212.stp,5493.0,5493.0,5493.0,782.964,789.323,786.253,0.13,0.13,0.13,10
i160-213.stp,5300.0,5300.0,5300.0,736.747,747.439,743.199,0.02,0.0,0.0,10
i160-214.stp,5527.0,5527.0,5527.0,620.62,626.094,623.659,0.0,0.0,0.0,10
i160-215.stp,5328.0,5328.0,5328.0,658.991,665.659,661.863,0.0,0.0,0.0,10
i160-221.stp,3597.0,3597.0,3597.0,1331.838,1343.069,1334.433,0.0,0.0,0.0,10
i160-222.stp,3575.0,3575.0,3575.0,1330.753,1346.753,1335.454,0.0,0.0,0.0,10
i160-223.stp,3578.0,3578.0,3578.0,1346.722,1360.581,1351.805,0.0,0.0,0.0,10
i160-224.stp,3613.0,3613.0,3613.0,1333.681,1351.42,1340.529,0.0,0.0,0.0,10
i160-225.stp,3599.0,3599.0,3599.0,1321.807,1330.475,1326.775,0.0,0.0,0.0,10
i160-231.stp,6033.0,6033.0,6033.0,518.797,525.307,522.367,0.02,0.02,0.02,10
i160-232.stp,6542.0,6552.0,6550.0,1135.515,1172.896,1156.832,9.35,6.77,7.91,10
i160-233.stp,6448.0,6457.0,6450.1,1073.319,1126.18,1104.469,4.12,2.05,3.62,10
i160-234.stp,6699.0,6699.0,6699.0,459.511,464.216,462.157,0.0,0.0,0.0,10
i160-235.stp,6809.0,6858.0,6838.4,673.395,705.346,693.729,5.82,1.32,3.17,10
i160-241.stp,4428.0,4428.0,4428.0,1055.032,1065.088,1060.284,0.0,0.0,0.0,10
i160-242.stp,4438.0,4438.0,4438.0,1188.633,1196.803,1193.423,0.0,0.0,0.0,10
i160-243.stp,4433.0,4433.0,4433.0,1187.205,1197.298,1190.61,0.0,0.0,0.0,10
i160-244.stp,4307.0,4307.0,4307.0,920.928,935.166,926.691,0.0,0.0,0.0,10
i160-245.stp,4532.0,4532.0,4532.0,1256.316,1277.096,1267.155,0.0,0.0,0.0,10
i160-301.stp,11901.0,11925.0,11910.0,3286.593,3514.162,3433.5,7.79,2.38,4.81,10
i160-302.stp,11512.0,11534.0,11522.5,4281.608,4546.422,4421.598,8.49,1.73,5.1,10
i160-303.stp,11376.0,11449.0,11411.4,2840.178,2985.294,2924.986,6.61,2.33,4.47,10
i160-304.stp,11267.0,11483.0,11414.3,3352.161,3651.374,3499.554,7.74,3.9,5.76,10
i160-305.stp,11012.0,11028.0,11019.4,3000.441,3089.53,3037.844,7.43,1.82,5.48,10
i160-311.stp,8869.0,8869.0,8869.0,2034.778,2068.303,2049.835,1.93,0.0,0.39,10
i160-312.stp,8770.0,8770.0,8770.0,2335.994,2373.117,2355.989,1.78,0.01,0.92,10
i160-313.stp,8552.0,8552.0,8552.0,1613.844,1635.985,1625.91,0.05,0.0,0.03,10
i160-314.stp,8388.0,8388.0,8388.0,1567.523,1582.466,1575.034,1.04,0.0,0.21,10
i160-315.stp,8960.0,8960.0,8960.0,1858.944,1893.489,1870.973,1.04,0.04,0.81,10
i160-321.stp,5963.0,5963.0,5963.0,3677.361,3696.69,3688.191,0.0,0.0,0.0,10
i160-322.stp,6009.0,6009.0,6009.0,3683.268,3725.862,3696.995,0.0,0.0,0.0,10
i160-323.stp,5972.0,5972.0,5972.0,3693.314,3720.793,3711.367,0.0,0.0,0.0,10
i160-324.stp,6021.0,6021.0,6021.0,3686.807,3715.472,3700.79,0.0,0.0,0.0,10
i160-325.stp,6048.0,6048.0,6048.0,3665.384,3710.471,3683.275,0.0,0.0,0.0,10
i160-331.stp,10414.0,10510.0,10448.6,3165.17,3265.577,3217.907,9.12,1.65,4.91,10
i160-332.stp,10654.0,10737.0,10689.6,2740.43,2865.088,2810.554,4.44,1.01,2.61,10
i160-333.stp,10612.0,10640.0,10626.5,2404.662,2600.226,2496.836,4.63,1.08,3.05,10
i160-334.stp,10366.0,10513.0,10444.2,2397.594,2502.152,2440.49,8.33,2.94,5.02,10
i160-335.stp,10617.0,10787.0,10664.6,2218.138,2434.907,2322.499,5.53,1.77,3.43,10
i160-341.stp,7397.0,7397.0,7397.0,3137.095,3157.636,3146.876,0.0,0.0,0.0,10
i160-342.stp,7485.0,7485.0,7485.0,3732.861,3791.203,3752.765,0.0,0.0,0.0,10
i160-343.stp,7554.0,7554.0,7554.0,3152.037,3203.654,3168.836,0.0,0.0,0.0,10
i160-344.stp,7637.0,7637.0,7637.0,3024.014,3045.286,3029.217,0.0,0.0,0.0,10
i160-345.stp,7356.0,7356.0,7356.0,2836.775,2856.106,2845.101,0.0,0.0,0.0,10
i320-001.stp,2678.0,2678.0,2678.0,297.29,308.488,301.418,3.04,2.55,2.79,10
i320-002.stp,2846.0,2846.0,2846.0,165.306,166.433,165.932,3.66,3.16,3.41,10
i320-003.stp,2161.0,2161.0,2161.0,60.12,60.61,60.379,0.0,0.0,0.0,10
i320-004.stp,2875.0,2875.0,2875.0,64.749,66.447,65.191,0.0,0.0,0.0,10
i320-005.stp,2792.0,2792.0,2792.0,71.49,74.878,72.15,0.0,0.0,0.0,10
i320-011.stp,1854.0,1854.0,1854.0,114.982,116.564,115.582,0.0,0.0,0.0,10
i320-012.stp,1789.0,1789.0,1789.0,124.929,125.278,125.143,0.0,0.0,0.0,10
i320-013.stp,1878.0,1878.0,1878.0,148.367,149.046,148.599,0.0,0.0,0.0,10
i320-014.stp,1858.0,1858.0,1858.0,140.305,140.95,140.654,0.0,0.0,0.0,10
i320-015.stp,1781.0,1781.0,1781.0,154.317,155.775,154.898,0.0,0.0,0.0,10
i320-021.stp,1191.0,1191.0,1191.0,371.219,374.2,372.294,0.0,0.0,0.0,10
i320-022.stp,1209.0,1209.0,1209.0,372.623,374.912,374.019,0.0,0.0,0.0,10
i320-023.stp,1196.0,1196.0,1196.0,375.903,378.608,377.428,0.0,0.0,0.0,10
i320-024.stp,1203.0,1203.0,1203.0,374.465,377.215,375.928,0.0,0.0,0.0,10
i320-025.stp,1212.0,1212.0,1212.0,369.336,371.805,370.56,0.0,0.0,0.0,10
i320-031.stp,2577.0,2577.0,2577.0,165.31,168.868,166.069,0.0,0.0,0.0,10
i320-032.stp,2379.0,2379.0,2379.0,73.891,74.558,74.261,0.0,0.0,0.0,10
i320-033.stp,2587.0,2587.0,2587.0,84.789,85.47,85.009,0.0,0.0,0.0,10
i320-034.stp,2525.0,2525.0,2525.0,193.153,194.544,193.897,0.0,0.0,0.0,10
i320-035.stp,2276.0,2276.0,2276.0,98.206,99.403,98.49,0.0,0.0,0.0,10
i320-041.stp,1473.0,1473.0,1473.0,374.885,378.576,376.579,0.0,0.0,0.0,10
i320-042.stp,1463.0,1463.0,1463.0,352.724,358.243,355.243,0.0,0.0,0.0,10
i320-043.stp,1372.0,1372.0,1372.0,188.851,189.891,189.234,0.0,0.0,0.0,10
i320-044.stp,1458.0,1458.0,1458.0,252.284,253.993,253.135,0.0,0.0,0.0,10
i320-045.stp,1563.0,1563.0,1563.0,456.403,458.653,457.51,0.0,0.0,0.0,10
i320-101.stp,5920.0,5920.0,5920.0,688.677,753.694,710.154,3.93,2.04,3.3,10
i320-102.stp,5364.0,5364.0,5364.0,521.988,544.249,527.386,8.7,0.0,1.87,10
i320-103.stp,6176.0,6176.0,6176.0,481.443,494.614,487.868,2.91,0.0,2.17,10
i320-104.stp,5678.0,5678.0,5678.0,635.32,659.625,648.457,6.29,0.14,3.21,10
i320-105.stp,6169.0,6169.0,6169.0,642.965,654.285,647.592,2.71,1.42,2.36,10
i320-111.stp,4251.0,4251.0,4251.0,625.499,634.928,628.605,0.0,0.0,0.0,10
i320-112.stp,3762.0,3762.0,3762.0,482.322,487.183,484.049,0.05,0.0,0.01,10
i320-113.stp,3742.0,3742.0,3742.0,467.165,474.783,470.796,0.0,0.0,0.0,10
i320-114.stp,3758.0,3758.0,3758.0,499.337,506.502,501.205,0.0,0.0,0.0,10
i320-115.stp,4138.0,4138.0,4138.0,554.542,558.924,556.553,0.0,0.0,0.0,10
i320-121.stp,2596.0,2596.0,2596.0,1518.395,1533.289,1525.328,0.0,0.0,0.0,10
i320-122.stp,2592.0,2592.0,2592.0,1514.72,1530.108,1519.142,0.0,0.0,0.0,10
i320-123.stp,2593.0,2593.0,2593.0,1520.83,1533.209,1526.961,0.0,0.0,0.0,10
i320-124.stp,2597.0,2597.0,2597.0,1517.564,1532.527,1523.165,0.0,0.0,0.0,10
i320-125.stp,2583.0,2583.0,2583.0,1515.356,1529.313,1522.031,0.0,0.0,0.0,10
i320-131.stp,4978.0,4978.0,4978.0,329.402,333.601,331.438,0.0,0.0,0.0,10
i320-132.stp,4943.0,4943.0,4943.0,335.713,338.463,336.877,0.0,0.0,0.0,10
i320-133.stp,4662.0,4662.0,4662.0,346.488,352.425,348.933,0.04,0.0,0.03,10
i320-134.stp,5353.0,5353.0,5353.0,490.351,499.238,492.971,3.81,0.0,3.04,10
i320-135.stp,5634.0,5634.0,5634.0,681.452,703.04,693.382,1.64,0.25,1.1,10
i320-141.stp,3278.0,3278.0,3278.0,1246.214,1256.791,1250.842,0.0,0.0,0.0,10
i320-142.stp,3308.0,3308.0,3308.0,1797.82,1842.773,1811.049,0.0,0.0,0.0,10
i320-143.stp,3314.0,3314.0,3314.0,1719.932,1732.035,1724.769,0.0,0.0,0.0,10
i320-144.stp,3133.0,3133.0,3133.0,1328.81,1354.746,1337.603,0.0,0.0,0.0,10
i320-145.stp,3303.0,3303.0,3303.0,1591.911,1614.805,1600.738,0.0,0.0,0.0,10
i320-201.stp,10079.0,10171.0,10138.5,2895.752,3241.475,3053.689,9.89,3.1,6.11,10
i320-202.stp,11250.0,11281.0,11261.4,3338.603,3498.758,3416.389,6.47,1.66,3.59,10
i320-203.stp,10216.0,10314.0,10273.4,2950.582,3085.57,3036.612,9.31,3.91,6.06,10
i320-204.stp,10004.0,10104.0,10076.3,3055.02,3227.251,3149.434,7.97,5.16,6.47,10
i320-205.stp,10479.0,10495.0,10481.3,3590.587,3868.055,3755.252,7.3,1.77,3.41,10
i320-211.stp,7582.0,7582.0,7582.0,1658.921,1666.777,1662.885,0.0,0.0,0.0,10
i320-212.stp,7746.0,7746.0,7746.0,1670.091,1708.042,1688.796,0.39,0.0,0.16,10
i320-213.stp,7176.0,7176.0,7176.0,1597.232,1616.942,1608.996,0.0,0.0,0.0,10
i320-214.stp,7666.0,7666.0,7666.0,2047.78,2068.571,2058.186,0.13,0.0,0.04,10
i320-215.stp,7938.0,7938.0,7938.0,2369.652,2417.96,2399.826,1.06,0.0,0.42,10
i320-221.stp,5119.0,5119.0,5119.0,5150.173,5284.074,5180.863,0.0,0.0,0.0,10
i320-222.stp,5103.0,5103.0,5103.0,5189.506,5225.341,5210.279,0.0,0.0,0.0,10
i320-223.stp,5050.0,5050.0,5050.0,5168.106,5620.094,5231.983,0.0,0.0,0.0,10
i320-224.stp,5045.0,5045.0,5045.0,5180.703,5305.278,5207.349,0.0,0.0,0.0,10
i320-225.stp,5099.0,5099.0,5099.0,5163.575,5205.166,5181.171,0.0,0.0,0.0,10
i320-231.stp,9833.0,9935.0,9864.8,2593.01,2793.078,2701.613,8.03,2.57,5.05,10
i320-232.stp,9744.0,9822.0,9761.1,2935.424,3084.962,3022.564,6.76,1.65,4.21,10
i320-233.stp,9863.0,9963.0,9944.4,3627.854,3912.109,3762.182,7.45,3.03,5.82,10
i320-234.stp,9454.0,9543.0,9488.1,3527.635,3740.038,3661.671,8.82,0.0,6.43,10
i320-235.stp,9870.0,9941.0,9919.1,2750.967,2986.289,2896.16,7.54,3.41,5.42,10
i320-241.stp,6169.0,6169.0,6169.0,4574.815,4637.324,4595.396,0.0,0.0,0.0,10
i320-242.stp,6327.0,6327.0,6327.0,4607.218,4659.118,4621.236,0.0,0.0,0.0,10
i320-243.stp,6238.0,6238.0,6238.0,5007.027,5054.685,5034.051,0.0,0.0,0.0,10
i320-244.stp,6217.0,6217.0,6217.0,4556.145,4586.341,4569.522,0.0,0.0,0.0,10
i320-245.stp,5878.0,5878.0,5878.0,3740.612,3764.242,3751.383,0.0,0.0,0.0,10
i320-301.stp,23145.0,23331.0,23250.3,20788.101,22659.214,21766.315,7.69,3.36,5.37,10
i320-302.stp,23582.0,23784.0,23720.8,18999.52,19935.236,19497.879,7.74,4.7,5.85,10
i320-303.stp,22732.0,22878.0,22829.2,19162.927,20337.227,19827.984,7.54,2.45,4.83,10
i320-304.stp,23457.0,23579.0,23536.3,17636.267,18559.655,18090.206,5.99,2.1,4.31,10
i320-305.stp,22678.0,22907.0,22769.8,15765.646,16472.359,16014.643,6.93,3.35,5.08,10
i320-311.stp,18251.0,18333.0,18311.4,11733.339,11984.271,11871.173,1.99,1.06,1.59,10
i320-312.stp,18136.0,18185.0,18171.9,10915.608,11091.88,10995.203,2.35,0.72,1.56,10
i320-313.stp,18337.0,18351.0,18345.6,12869.69,13254.861,13083.847,2.43,0.92,1.54,10
i320-314.stp,18366.0,18367.0,18366.9,13633.009,13807.262,13722.954,2.33,1.36,1.79,10
i320-315.stp,17982.0,18026.0,18010.7,9565.361,9787.525,9640.576,0.98,0.06,0.53,10
i320-321.stp,12037.0,12037.0,12037.0,29071.253,29380.304,29202.33,0.0,0.0,0.0,10
i320-322.stp,11991.0,11991.0,11991.0,28975.118,29172.155,29091.081,0.0,0.0,0.0,10
i320-323.stp,12004.0,12004.0,12004.0,28935.267,29213.597,29036.422,0.0,0.0,0.0,10
i320-324.stp,11949.0,11949.0,11949.0,28956.048,29223.238,29062.038,0.0,0.0,0.0,10
i320-325.stp,11959.0,11959.0,11959.0,28902.034,29098.973,28967.336,0.0,0.0,0.0,10
i320-331.stp,21839.0,21970.0,21912.2,24158.986,25517.02,25074.268,8.16,3.56,5.94,10
i320-332.stp,21575.0,21701.0,21641.5,16657.758,17662.017,17132.785,6.05,1.8,4.15,10
i320-333.stp,21131.0,21298.0,21204.4,20102.325,21498.26,20605.512,8.79,4.82,6.82,10
i320-334.stp,21730.0,22009.0,21915.6,22045.421,23536.447,22548.981,9.33,4.81,6.91,10
i320-335.stp,21318.0,21436.0,21391.7,20769.055,21668.1,21275.56,6.82,3.13,5.06,10
i320-341.stp,15328.0,15328.0,15328.0,28290.469,28889.264,28420.592,0.0,0.0,0.0,10
i320-342.stp,15131.0,15131.0,15131.0,29100.005,29300.784,29191.167,0.0,0.0,0.0,10
i320-343.stp,14559.0,14559.0,14559.0,24719.114,24835.83,24767.616,0.0,0.0,0.0,10
i320-344.stp,14895.0,14895.0,14895.0,26415.939,26751.356,26507.626,0.0,0.0,0.0,10
i320-345.stp,14872.0,14872.0,14872.0,24882.655,25504.03,25046.589,0.0,0.0,0.0,10
i640-001.stp,4267.0,4267.0,4267.0,279.221,286.227,281.901,0.12,0.0,0.05,10
i640-002.stp,3592.0,3592.0,3592.0,203.398,205.887,204.543,0.0,0.0,0.0,10
i640-003.stp,3660.0,3660.0,3660.0,170.772,173.939,171.753,0.0,0.0,0.0,10
i640-004.stp,3759.0,3759.0,3759.0,141.013,142.173,141.685,0.0,0.0,0.0,10
i640-005.stp,4346.0,4346.0,4346.0,303.792,331.922,315.385,2.75,0.0,1.93,10
i640-011.stp,2365.0,2365.0,2365.0,275.957,278.291,276.966,0.0,0.0,0.0,10
i640-012.stp,2517.0,2517.0,2517.0,338.226,346.399,341.98,0.24,0.0,0.17,10
i640-013.stp,2163.0,2163.0,2163.0,273.657,277.337,275.554,0.0,0.0,0.0,10
i640-014.stp,2270.0,2270.0,2270.0,314.76,316.532,315.646,0.0,0.0,0.0,10
i640-015.stp,2254.0,2254.0,2254.0,272.983,277.322,274.702,0.0,0.0,0.0,10
i640-021.stp,1408.0,1408.0,1408.0,1140.957,1148.547,1144.196,0.0,0.0,0.0,10
i640-022.stp,1376.0,1376.0,1376.0,1147.435,1154.579,1150.25,0.0,0.0,0.0,10
i640-023.stp,1393.0,1393.0,1393.0,1145.129,1153.287,1149.514,0.0,0.0,0.0,10
i640-024.stp,1412.0,1412.0,1412.0,1151.52,1159.191,1154.947,0.0,0.0,0.0,10
i640-025.stp,1411.0,1411.0,1411.0,1142.1,1146.436,1144.22,0.0,0.0,0.0,10
i640-031.stp,3160.0,3160.0,3160.0,240.37,241.316,240.968,0.0,0.0,0.0,10
i640-032.stp,2956.0,2956.0,2956.0,109.404,111.541,110.081,0.0,0.0,0.0,10
i640-033.stp,2985.0,2985.0,2985.0,120.485,121.562,121.024,0.0,0.0,0.0,10
i640-034.stp,2782.0,2782.0,2782.0,179.086,181.082,179.987,0.0,0.0,0.0,10
i640-035.stp,3566.0,3566.0,3566.0,203.859,206.907,205.268,0.0,0.0,0.0,10
i640-041.stp,1652.0,1652.0,1652.0,1183.56,1220.067,1192.52,0.0,0.0,0.0,10
i640-042.stp,1752.0,1752.0,1752.0,1370.931,1386.862,1381.022,0.0,0.0,0.0,10
i640-043.stp,1748.0,1748.0,1748.0,1274.268,1318.046,1282.809,0.0,0.0,0.0,10
i640-044.stp,1749.0,1749.0,1749.0,1111.009,1132.895,1118.551,0.0,0.0,0.0,10
i640-045.stp,1740.0,1740.0,1740.0,1105.197,1115.477,1109.008,0.0,0.0,0.0,10
i640-101.stp,9212.0,9307.0,9235.3,2834.636,3017.933,2945.244,8.71,2.02,5.22,10
i640-102.stp,9492.0,9592.0,9555.4,2905.135,3092.471,2967.733,6.96,2.16,4.87,10
i640-103.stp,9166.0,9440.0,9308.7,3169.833,3365.462,3269.035,10.75,5.81,8.43,10
i640-104.stp,9039.0,9152.0,9056.2,2823.304,2940.138,2885.22,7.32,6.16,6.68,10
i640-105.stp,9462.0,9462.0,9462.0,1407.908,1446.879,1429.103,3.64,1.33,2.41,10
i640-111.stp,5672.0,5672.0,5672.0,1311.74,1321.726,1317.032,0.0,0.0,0.0,10
i640-112.stp,6289.0,6289.0,6289.0,1833.478,1853.569,1843.054,0.0,0.0,0.0,10
i640-113.stp,6016.0,6016.0,6016.0,1616.336,1628.609,1623.149,0.02,0.0,0.01,10
i640-114.stp,5851.0,5851.0,5851.0,1382.202,1396.102,1388.714,0.0,0.0,0.0,10
i640-115.stp,6214.0,6214.0,6214.0,1705.231,1724.046,1715.638,0.0,0.0,0.0,10
i640-121.stp,3794.0,3794.0,3794.0,6074.755,6117.251,6097.045,0.0,0.0,0.0,10
i640-122.stp,3789.0,3789.0,3789.0,6085.888,6143.21,6111.139,0.0,0.0,0.0,10
i640-123.stp,3774.0,3774.0,3774.0,6091.623,6172.931,6119.635,0.0,0.0,0.0,10
i640-124.stp,3809.0,3809.0,3809.0,6100.527,6140.691,6118.957,0.0,0.0,0.0,10
i640-125.stp,3770.0,3770.0,3770.0,6096.744,6154.071,6126.054,0.0,0.0,0.0,10
i640-131.stp,8391.0,8391.0,8391.0,1982.013,2124.978,2034.621,3.64,1.1,2.32,10
i640-132.stp,8477.0,8477.0,8477.0,1101.156,1119.991,1108.643,0.11,0.08,0.1,10
i640-133.stp,8011.0,8011.0,8011.0,1155.264,1171.038,1164.057,3.13,0.0,0.63,10
i640-134.stp,7866.0,7866.0,7866.0,2311.649,2406.371,2347.035,7.72,1.19,4.49,10
i640-135.stp,7948.0,8053.0,7969.0,1681.442,1762.367,1707.032,3.84,2.57,3.55,10
i640-141.stp,4472.0,4472.0,4472.0,5795.753,5871.704,5838.648,0.0,0.0,0.0,10
i640-142.stp,4724.0,4724.0,4724.0,6749.237,6793.688,6768.351,0.0,0.0,0.0,10
i640-143.stp,4659.0,4659.0,4659.0,5263.426,5336.12,5305.822,0.0,0.0,0.0,10
i640-144.stp,4446.0,4446.0,4446.0,4649.27,4673.949,4661.887,0.0,0.0,0.0,10
i640-145.stp,4573.0,4573.0,4573.0,6126.94,6214.165,6162.703,0.0,0.0,0.0,10
i640-201.stp,15887.0,15942.0,15911.4,9094.939,9511.827,9284.464,7.61,1.81,4.33,10
i640-202.stp,16523.0,16766.0,16663.6,11146.873,12110.418,11694.46,9.34,3.83,6.68,10
i640-203.stp,15847.0,15956.0,15887.5,9348.849,9857.807,9555.142,8.85,4.12,5.93,10
i640-204.stp,16398.0,16497.0,16429.1,13532.328,14760.664,14131.763,9.17,4.21,7.27,10
i640-205.stp,16668.0,16757.0,16709.9,12289.322,13035.632,12626.719,9.21,4.93,7.08,10
i640-211.stp,11831.0,11831.0,11831.0,5755.482,5785.966,5767.99,0.22,0.0,0.14,10
i640-212.stp,11480.0,11480.0,11480.0,5327.412,5405.381,5355.427,0.0,0.0,0.0,10
i640-213.stp,11857.0,11857.0,11857.0,5765.135,5829.621,5794.258,0.75,0.0,0.3,10
i640-214.stp,12089.0,12089.0,12089.0,6686.287,6719.023,6707.061,0.07,0.0,0.07,10
i640-215.stp,12262.0,12269.0,12267.0,6316.772,6356.267,6340.631,0.17,0.04,0.11,10
i640-221.stp,7531.0,7531.0,7531.0,21766.838,21912.072,21803.738,0.0,0.0,0.0,10
i640-222.stp,7473.0,7473.0,7473.0,21743.313,21982.59,21859.972,0.0,0.0,0.0,10
i640-223.stp,7474.0,7474.0,7474.0,21733.402,22013.315,21824.671,0.0,0.0,0.0,10
i640-224.stp,7474.0,7474.0,7474.0,21700.853,21949.668,21812.911,0.0,0.0,0.0,10
i640-225.stp,7480.0,7480.0,7480.0,21722.651,21948.876,21816.912,0.0,0.0,0.0,10
i640-231.stp,15043.0,15211.0,15116.0,6666.338,6909.546,6780.199,7.35,2.64,4.44,10
i640-232.stp,14773.0,14858.0,14807.2,8694.952,9009.47,8845.063,7.71,3.07,5.26,10
i640-233.stp,15085.0,15283.0,15208.5,13946.213,14985.392,14333.372,9.07,3.06,6.26,10
i640-234.stp,15368.0,15499.0,15441.9,9755.272,10408.91,10017.718,6.55,4.22,5.49,10
i640-235.stp,14938.0,15118.0,15056.6,6776.957,6984.597,6886.686,4.95,2.67,4.22,10
i640-241.stp,9359.0,9359.0,9359.0,24101.176,24295.514,24167.358,0.0,0.0,0.0,10
i640-242.stp,9300.0,9300.0,9300.0,23925.071,24105.968,24018.293,0.0,0.0,0.0,10
i640-243.stp,9275.0,9275.0,9275.0,22646.156,22799.318,22729.581,0.0,0.0,0.0,10
i640-244.stp,9138.0,9138.0,9138.0,23365.736,23542.002,23446.519,0.0,0.0,0.0,10
i640-245.stp,9294.0,9294.0,9294.0,25425.074,25919.684,25618.099,0.0,0.0,0.0,10
i640-301.stp,45213.0,45428.0,45315.6,115381.109,121374.215,117593.622,6.71,3.37,5.27,10
i640-302.stp,45994.0,46313.0,46180.3,119815.397,127216.957,124617.526,6.41,3.29,4.76,10
i640-303.stp,45202.0,45379.0,45299.1,72556.608,77868.946,74746.629,5.62,2.3,4.03,10
i640-304.stp,46580.0,46972.0,46794.3,132399.6,137723.281,134601.289,8.22,4.37,5.33,10
i640-305.stp,46481.0,46708.0,46611.6,119077.684,128582.795,124241.611,6.17,2.57,4.45,10
i640-311.stp,37419.0,37674.0,37493.8,94812.757,97609.934,96259.566,3.09,2.39,2.72,10
i640-312.stp,37298.0,37608.0,37507.5,91958.074,94962.038,93558.7,3.83,1.59,2.84,10
i640-313.stp,36874.0,37243.0,37080.0,78640.865,81696.576,80281.871,2.62,1.53,1.96,10
i640-314.stp,36680.0,36940.0,36793.8,103311.167,106601.019,104742.242,4.17,2.29,3.28,10
i640-315.stp,36490.0,36949.0,36752.1,86071.747,89620.793,87679.635,3.81,2.65,3.02,10
i640-321.stp,23926.0,23926.0,23926.0,231099.086,232912.314,232048.81,0.0,0.0,0.0,10
i640-322.stp,23961.0,23961.0,23961.0,230436.843,231770.644,231118.14,0.0,0.0,0.0,10
i640-323.stp,24064.0,24064.0,24064.0,230798.067,232801.299,231723.605,0.0,0.0,0.0,10
i640-324.stp,23941.0,23941.0,23941.0,231025.221,233630.986,232158.604,0.0,0.0,0.0,10
i640-325.stp,24028.0,24028.0,24028.0,230826.073,232237.121,231560.919,0.0,0.0,0.0,10
i640-331.stp,43236.0,43763.0,43610.3,125405.387,131223.26,127583.646,7.54,3.01,6.21,10
i640-332.stp,43463.0,43794.0,43611.4,119645.314,129365.537,124699.388,7.76,4.07,5.8,10
i640-333.stp,42978.0,43190.0,43090.5,136141.13,143977.987,139175.417,8.89,4.14,5.7,10
i640-334.stp,43449.0,43793.0,43610.8,117364.257,123316.395,120069.275,7.16,3.64,5.13,10
i640-335.stp,44075.0,44230.0,44156.9,128540.373,134514.62,131180.755,7.29,3.67,5.36,10
i640-341.stp,29211.0,29211.0,29211.0,221472.66,223689.288,222011.342,0.0,0.0,0.0,10
i640-342.stp,29287.0,29287.0,29287.0,230792.939,233969.713,232080.355,0.0,0.0,0.0,10
i640-343.stp,29700.0,29700.0,29700.0,248164.104,249863.015,249115.565,0.0,0.0,0.0,10
i640-344.stp,29324.0,29324.0,29324.0,235473.552,238541.388,236404.884,0.0,0.0,0.0,10
i640-345.stp,29543.0,29543.0,29543.0,230301.438,232239.398,231143.961,0.0,0.0,0.0,10
b01.stp,80.0,80.0,80.0,67.013,68.583,67.384,0.0,0.0,0.0,10
b02.stp,83.0,83.0,83.0,189.778,192.295,190.81,7.78,0.0,4.96,10
b03.stp,142.0,142.0,142.0,405.419,421.198,414.097,6.58,0.7,3.89,10
b04.stp,68.0,68.0,68.0,68.362,69.656,69.128,0.0,0.0,0.0,10
b05.stp,53.0,53.0,53.0,82.204,84.635,83.556,0.0,0.0,0.0,10
b06.stp,122.0,122.0,122.0,744.003,769.183,754.526,8.27,0.81,4.85,10
b07.stp,112.0,112.0,112.0,175.838,177.279,176.357,0.88,0.0,0.8,10
b08.stp,106.0,106.0,106.0,331.801,343.195,335.792,6.19,0.0,1.79,10
b09.stp,220.0,221.0,220.2,1160.273,1217.233,1189.849,5.58,0.9,3.19,10
b10.stp,88.0,88.0,88.0,282.895,285.285,284.32,7.37,0.0,2.95,10
b11.stp,91.0,91.0,91.0,348.257,355.78,351.074,5.21,0.0,3.16,10
b12.stp,174.0,176.0,175.1,1676.0,1793.484,1730.267,12.94,0.57,6.04,10
b13.stp,167.0,167.0,167.0,352.0,385.78,367.698,9.24,0.0,5.06,10
b14.stp,227.0,227.0,227.0,419.493,425.808,423.967,0.44,0.44,0.44,10
b15.stp,314.0,314.0,314.0,2407.874,2496.056,2450.421,5.71,1.88,4.13,10
b16.stp,131.0,131.0,131.0,544.554,572.569,560.204,7.75,0.0,5.0,10
b17.stp,128.0,128.0,128.0,1113.28,1173.945,1148.075,1.54,0.0,0.93,10
b18.stp,215.0,217.0,215.6,4244.82,4521.362,4370.088,11.89,4.42,8.16,10
c02.stp,137.0,137.0,137.0,274.864,299.329,285.784,9.87,0.0,7.03,10
c03.stp,752.0,757.0,754.5,18087.333,19371.209,18498.352,9.06,4.79,6.59,10
c04.stp,1098.0,1103.0,1100.0,50921.674,53605.298,52276.928,5.75,2.83,4.31,10
c05.stp,1597.0,1601.0,1599.6,164921.234,174032.015,171028.113,3.5,1.42,2.33,10
c06.stp,63.0,63.0,63.0,167.387,168.743,168.098,0.0,0.0,0.0,10
c07.stp,98.0,98.0,98.0,232.207,234.592,233.587,3.92,0.0,2.17,10
c08.stp,519.0,525.0,522.4,31684.211,33896.513,32676.484,12.12,4.21,6.74,10
c09.stp,712.0,719.0,715.4,66260.42,69892.947,68434.363,7.72,3.75,5.76,10
c10.stp,1115.0,1124.0,1120.2,310335.85,339486.355,322618.551,7.52,3.7,5.45,10
c11.stp,26.0,26.0,26.0,89.376,89.938,89.66,0.0,0.0,0.0,10
c12.stp,47.0,47.0,47.0,351.738,355.704,353.736,4.08,0.0,0.41,10
c13.stp,268.0,273.0,270.6,48732.555,50880.4,49662.349,12.62,2.5,8.85,10
c14.stp,332.0,335.0,333.9,91153.361,96659.606,94429.24,10.27,5.67,8.05,10
c15.stp,567.0,573.0,569.625,429293.378,443804.836,439103.556,12.09,5.46,7.55,8
c16.stp,11.0,11.0,11.0,310.892,313.264,311.787,0.0,0.0,0.0,10
c17.stp,16.0,16.0,16.0,619.203,622.316,620.474,5.88,0.0,1.76,10
c18.stp,123.0,127.0,125.0,54599.208,57161.748,55639.659,15.65,8.09,11.36,10
c19.stp,157.0,159.0,158.2,125558.462,128028.693,126912.262,11.3,4.79,8.67,10
c20.stp,274.0,277.0,275.8,648838.349,650940.366,649945.835,11.54,8.61,10.26,5
d01.stp,122.0,122.0,122.0,117.113,118.292,117.492,0.0,0.0,0.0,10
d02.stp,220.0,220.0,220.0,772.669,778.333,775.397,1.79,0.0,0.71,10
d03.stp,1574.0,1579.0,1577.5,100563.695,110001.47,104147.21,4.59,1.62,3.35,10
d04.stp,1963.0,1970.0,1966.0,264349.597,277154.443,269858.888,4.66,1.85,3.25,10
d05.stp,3292.0,3295.0,3293.3333,941870.001,969945.906,957349.27,2.31,1.91,2.16,3
d06.stp,84.0,84.0,84.0,185.537,186.605,186.14,0.0,0.0,0.0,10
d07.stp,113.0,113.0,113.0,335.513,338.803,337.456,0.0,0.0,0.0,10
d08.stp,1087.0,1095.0,1090.5,176644.454,186081.918,182356.729,9.93,5.56,6.91,10
d09.stp,1470.0,1486.0,1477.5714,477861.401,506068.045,492152.054,8.32,4.31,5.98,7
d10.stp,2163.0,2163.0,2163.0,1849951.041,1849951.041,1849951.041,4.04,4.04,4.04,1
d11.stp,29.0,29.0,29.0,285.972,288.465,286.99,0.0,0.0,0.0,10
d12.stp,32.0,32.0,32.0,246.724,249.212,247.882,0.0,0.0,0.0,10
d13.stp,514.0,521.0,518.7,263537.574,273308.428,268700.958,10.17,7.31,8.94,10
d14.stp,683.0,685.0,684.0,594435.338,610230.23,604996.845,8.05,5.27,6.95,5
d15.stp,1144.0,1144.0,1144.0,2485200.461,2485200.461,2485200.461,6.0,6.0,6.0,1
d16.stp,12.0,12.0,12.0,221.929,223.26,222.413,0.0,0.0,0.0,10
d17.stp,21.0,21.0,21.0,953.252,961.274,955.997,0.0,0.0,0.0,10
d18.stp,246.0,251.0,248.5,324250.926,334836.113,329653.493,16.89,12.24,13.7,10
d19.stp,341.0,343.0,341.5,852803.167,870792.881,859722.961,14.04,6.32,10.95,4
e01.stp,119.0,119.0,119.0,520.174,522.976,521.558,0.0,0.0,0.0,10
e02.stp,216.0,216.0,216.0,850.799,872.165,859.98,1.82,0.0,0.73,10
e03.stp,4085.0,4094.0,4089.5,1511304.972,1582885.245,1547095.109,4.44,4.03,4.24,2
e04.stp,5186.0,5191.0,5188.5,1578076.969,1597393.024,1587734.996,2.94,2.22,2.58,2
e06.stp,75.0,75.0,75.0,261.694,263.698,262.508,0.0,0.0,0.0,10
e07.stp,142.0,142.0,142.0,522.171,527.746,525.067,0.0,0.0,0.0,10
e08.stp,2691.0,2691.0,2691.0,2390958.71,2390958.71,2390958.71,5.74,5.74,5.74,1
e11.stp,39.0,39.0,39.0,467.696,471.011,469.275,0.0,0.0,0.0,10
e12.stp,63.0,63.0,63.0,1041.272,1075.855,1048.128,0.0,0.0,0.0,10
e13.stp,1315.0,1315.0,1315.0,3567811.636,3567811.636,3567811.636,9.0,9.0,9.0,1
e16.stp,14.0,14.0,14.0,617.683,621.475,619.584,0.0,0.0,0.0,10
e17.stp,23.0,23.0,23.0,1850.962,1881.731,1863.842,0.0,0.0,0.0,10
mc11.stp,11838.0,11870.0,11856.2222,387649.745,413088.686,399604.734,1.95,0.74,1.55,9
mc7.stp,3510.0,3540.0,3529.8,213164.343,225474.518,219456.645,8.69,2.93,5.64,10
mc8.stp,1577.0,1586.0,1582.1111,381154.911,408620.402,394997.966,4.35,2.4,3.38,9
p602.stp,8957.0,8957.0,8957.0,52.858,53.288,53.049,0.0,0.0,0.0,10
p603.stp,4582.0,4582.0,4582.0,76.063,76.446,76.266,0.0,0.0,0.0,10
p604.stp,10719.0,10719.0,10719.0,106.061,108.304,106.706,0.0,0.0,0.0,10
p605.stp,10355.0,10355.0,10355.0,321.285,329.942,326.449,19.32,0.0,6.91,10
p606.stp,13800.0,13800.0,13800.0,310.045,329.339,317.674,12.24,0.0,8.14,10
p607.stp,15358.0,15358.0,15358.0,572.081,585.178,578.117,3.54,0.0,1.27,10
p608.stp,14868.0,14950.0,14892.6,768.78,815.845,791.392,9.4,1.94,4.64,10
p609.stp,18263.0,18439.0,18375.8,1352.971,1385.346,1369.846,17.91,3.42,11.04,10
p610.stp,30311.0,30675.0,30397.5,5195.7,5615.557,5345.746,9.47,3.38,5.67,10
p611.stp,26983.0,27231.0,27090.5,5195.959,5532.005,5334.905,10.43,3.2,6.98,10
p612.stp,30258.0,30612.0,30428.8,4385.082,4645.44,4522.273,10.67,3.42,7.01,10
p613.stp,10008.0,10008.0,10008.0,77.725,78.747,78.227,0.0,0.0,0.0,10
p614.stp,27912.0,27912.0,27912.0,1556.4,1627.806,1592.823,6.77,2.03,4.63,10
p615.stp,40395.0,40917.0,40635.3,7463.207,7979.903,7675.801,10.63,4.79,7.34,10
p616.stp,62963.0,63711.0,63378.9,47327.813,49636.285,48445.29,8.5,3.35,5.77,10
alue2087.stp,1051.0,1056.0,1053.0,14583.433,15272.563,14923.685,10.68,2.59,6.53,10
alue2105.stp,1032.0,1032.0,1032.0,15602.309,16069.952,15865.78,14.14,3.37,7.26,10
alue3146.stp,2275.0,2302.0,2286.9,132631.978,135990.202,134450.813,11.41,4.76,8.07,10
alue5067.stp,2654.0,2677.0,2664.8,160999.947,167092.582,164098.95,13.58,6.01,9.68,10
alue5345.stp,3599.0,3636.0,3619.1,271356.97,288431.471,275895.152,12.49,5.72,9.47,10
alue5623.stp,3472.0,3495.0,3484.1,336866.286,346895.581,341660.06,11.92,3.89,8.25,10
alue5901.stp,4048.0,4066.0,4057.5,850979.325,870782.617,861186.056,11.72,7.73,10.53,4
alue6179.stp,2509.0,2537.0,2528.0,187638.744,197262.071,192517.922,12.33,7.74,9.94,10
alue6457.stp,3126.0,3147.0,3138.3,275471.311,297400.166,283738.988,14.38,6.64,10.28,10
alue6735.stp,2748.0,2765.0,2757.3,213320.843,225539.416,219068.383,13.58,6.9,11.29,10
alue6951.stp,2461.0,2495.0,2475.0,169677.17,182166.503,177606.52,10.74,6.2,8.23,10
alue7066.stp,2275.0,2275.0,2275.0,27645.916,29126.448,28532.457,5.99,2.36,4.55,10
alue7229.stp,824.0,829.0,826.0,8392.008,8908.036,8662.309,14.17,1.19,7.97,10
alut0787.stp,982.0,985.0,983.3,18517.727,19234.085,18912.824,14.43,4.56,9.63,10
alut0805.stp,962.0,971.0,965.8,15703.822,16185.262,15892.701,14.93,5.85,9.46,10
alut1181.stp,2385.0,2429.0,2409.7,137935.739,145991.146,143892.359,13.31,5.12,9.42,10
alut2010.stp,3414.0,3445.0,3431.7143,464734.479,484626.738,472193.225,14.4,6.49,10.28,7
alut2288.stp,3927.0,3976.0,3950.8,310045.686,329486.195,318572.906,16.09,8.39,12.6,10
alut2566.stp,3110.0,3139.0,3118.7,204087.984,215646.299,210751.012,11.92,7.08,9.27,10
alut2764.stp,645.0,650.0,645.5,13305.556,14047.484,13715.848,13.77,7.06,10.0,10
diw0234.stp,2081.0,2093.0,2084.8,52419.952,54613.43,53349.244,14.68,5.92,9.74,10
diw0250.stp,353.0,353.0,353.0,481.908,488.957,486.149,2.75,0.0,1.25,10
diw0260.stp,468.0,468.0,468.0,916.766,922.699,920.002,0.0,0.0,0.0,10
diw0313.stp,397.0,397.0,397.0,1022.128,1052.893,1035.247,3.17,0.0,1.64,10
diw0393.stp,302.0,302.0,302.0,777.178,801.734,788.471,13.96,1.63,9.91,10
diw0445.stp,1390.0,1397.0,1393.0,24754.091,26201.888,25434.279,10.73,6.57,8.65,10
diw0459.stp,1367.0,1367.0,1367.0,22557.735,23395.869,22991.055,6.43,0.73,3.79,10
diw0460.stp,435.0,435.0,435.0,1739.866,1858.307,1802.547,7.25,3.12,3.64,10
diw0473.stp,1146.0,1155.0,1150.5,13954.04,14876.431,14457.179,6.43,2.46,4.64,10
diw0487.stp,1425.0,1431.0,1429.8,14188.389,14569.478,14421.653,6.96,1.65,3.77,10
diw0495.stp,616.0,616.0,616.0,2405.152,2554.389,2470.624,9.94,0.81,5.0,10
diw0513.stp,623.0,623.0,623.0,1926.051,1935.905,1931.805,1.89,0.95,1.28,10
diw0523.stp,561.0,561.0,561.0,1010.395,1024.401,1016.604,3.94,0.0,1.97,10
diw0540.stp,354.0,354.0,354.0,579.028,588.342,584.734,7.33,3.54,5.81,10
diw0559.stp,1591.0,1591.0,1591.0,21216.529,23467.93,22609.022,6.41,0.93,3.97,10
diw0778.stp,2178.0,2183.0,2180.5,58799.939,63562.492,61875.676,21.16,4.14,8.62,10
diw0779.stp,4513.0,4555.0,4537.25,400305.473,423597.883,410812.575,13.21,5.23,9.17,8
diw0795.stp,1624.0,1624.0,1624.0,7692.405,7792.469,7728.49,3.56,1.58,1.77,10
diw0801.stp,1592.0,1592.0,1592.0,12087.016,12291.564,12173.595,8.98,8.29,8.64,10
diw0819.stp,3481.0,3542.0,3519.3,172529.824,176718.504,174563.628,15.68,8.92,12.39,10
diw0820.stp,4334.0,4381.0,4352.7,221657.118,233474.526,226718.95,15.01,5.97,9.57,10
lin01.stp,503.0,503.0,503.0,34.2,34.484,34.276,0.0,0.0,0.0,10
lin02.stp,557.0,557.0,557.0,50.426,50.767,50.621,0.0,0.0,0.0,10
lin03.stp,687.0,687.0,687.0,66.231,67.209,66.521,0.0,0.0,0.0,10
lin04.stp,1344.0,1344.0,1344.0,191.179,192.125,191.52,0.0,0.0,0.0,10
lin05.stp,1739.0,1739.0,1739.0,485.708,522.396,503.235,4.45,3.28,3.63,10
lin06.stp,1280.0,1280.0,1280.0,769.22,797.606,783.115,14.32,4.05,8.97,10
lin07.stp,1419.0,1419.0,1419.0,158.222,159.878,158.588,0.0,0.0,0.0,10
lin08.stp,2356.0,2356.0,2356.0,515.779,522.154,518.859,0.0,0.0,0.0,10
lin09.stp,2378.0,2378.0,2378.0,931.972,942.291,937.299,13.15,10.57,11.94,10
lin10.stp,4209.0,4215.0,4210.6,3296.687,3432.589,3390.876,8.6,2.59,5.88,10
lin11.stp,4395.0,4395.0,4395.0,2424.263,2541.168,2474.579,5.67,1.48,3.57,10
lin12.stp,4542.0,4542.0,4542.0,983.547,992.046,987.001,1.9,0.0,1.28,10
lin13.stp,4609.0,4621.0,4610.2,6619.853,6847.825,6716.81,9.5,6.24,8.53,10
lin14.stp,5762.0,5803.0,5782.2,5651.284,6165.452,5870.802,9.66,2.11,6.39,10
lin15.stp,7179.0,7255.0,7220.4,20416.424,21151.908,20839.795,15.45,8.01,12.0,10
lin16.stp,6842.0,6842.0,6842.0,5934.763,6467.566,6179.775,11.07,0.62,4.74,10
lin17.stp,8607.0,8671.0,8662.8,18178.406,18832.199,18493.248,14.17,7.65,10.15,10
lin18.stp,10586.0,10670.0,10645.2,28278.218,30492.925,29320.48,15.77,3.72,10.15,10
lin19.stp,13368.0,13510.0,13429.8,51270.002,53643.879,52648.291,11.08,3.92,6.84,10
lin20.stp,7097.0,7097.0,7097.0,15468.71,16663.902,15912.601,8.52,4.09,5.81,10
lin21.stp,9097.0,9097.0,9097.0,21033.408,22278.274,21561.78,15.18,3.51,9.27,10
lin22.stp,10410.0,10499.0,10458.9,37752.367,40429.113,39380.495,13.64,7.51,10.81,10
lin23.stp,17847.0,17938.0,17899.5,212698.055,217772.894,215188.071,13.17,5.03,9.86,10
lin24.stp,15211.0,15284.0,15241.4,37616.928,41043.29,39470.505,9.27,0.0,5.68,10
lin25.stp,18499.0,18659.0,18562.4,83921.838,88816.144,87039.985,12.86,8.66,10.37,10
lin26.stp,21949.0,22173.0,22054.9,131070.204,137849.819,135465.515,14.41,5.79,10.72,10
lin27.stp,21313.0,21524.0,21421.3,125257.221,134679.788,129679.671,10.58,2.16,6.12,10
lin28.stp,33580.0,33980.0,33763.0,641014.232,685124.928,655047.895,9.8,8.07,8.97,5
lin29.stp,24173.0,24291.0,24219.2,158854.57,164801.906,162640.84,18.84,5.97,11.1,10
lin30.stp,28717.0,29159.0,28997.0,252802.561,262660.164,257230.176,9.85,2.13,6.37,10
lin31.stp,32375.0,32911.0,32744.3333,393091.799,409619.827,399118.388,15.51,7.08,11.61,9
lin32.stp,40569.0,40730.0,40645.0,723701.766,748340.617,735506.84,14.28,8.09,11.81,4
lin33.stp,58523.0,58523.0,58523.0,2549309.591,2549309.591,2549309.591,9.17,9.17,9.17,1
lin34.stp,45481.0,45641.0,45550.25,736677.38,752212.606,746235.043,14.13,6.11,9.86,4
lin35.stp,52854.0,53179.0,53027.6667,1034950.287,1078888.765,1051310.882,9.96,9.4,9.7,3
lin36.stp,56925.0,57180.0,57052.5,1521490.916,1541385.015,1531437.965,15.71,10.6,13.15,2
wrp3-11.stp,1100362.0,1100362.0,1100362.0,1363.388,1420.347,1392.748,0.0,0.0,0.0,10
wrp3-12.stp,1200237.0,1200237.0,1200237.0,709.205,742.077,723.835,0.0,0.0,0.0,10
wrp3-13.stp,1300504.0,1300504.0,1300504.0,3238.935,3489.916,3362.346,0.0,0.0,0.0,10
wrp3-14.stp,1400250.0,1400250.0,1400250.0,1307.523,1314.483,1309.885,0.0,0.0,0.0,10
wrp3-15.stp,1500423.0,1500423.0,1500423.0,1819.048,1824.286,1822.2,0.0,0.0,0.0,10
wrp3-16.stp,1600208.0,1600208.0,1600208.0,3057.367,3088.398,3071.284,0.0,0.0,0.0,10
wrp3-17.stp,1700442.0,1700442.0,1700442.0,2379.4,2392.909,2382.921,0.0,0.0,0.0,10
wrp3-19.stp,1900440.0,1900440.0,1900440.0,4815.565,5046.183,4921.197,0.0,0.0,0.0,10
wrp3-20.stp,2000273.0,2000273.0,2000273.0,4435.473,4601.081,4481.909,0.0,0.0,0.0,10
wrp3-21.stp,2100527.0,2100527.0,2100527.0,6878.473,7196.203,7022.239,0.0,0.0,0.0,10
wrp3-22.stp,2200559.0,2200560.0,2200559.1,5880.205,6161.881,6047.49,0.0,0.0,0.0,10
wrp3-23.stp,2300245.0,2300245.0,2300245.0,4027.237,4295.062,4136.172,0.0,0.0,0.0,10
wrp3-24.stp,2400624.0,2400624.0,2400624.0,9718.623,10037.402,9871.982,0.0,0.0,0.0,10
wrp3-25.stp,2500531.0,2500533.0,2500532.2,9829.614,10714.043,10417.447,0.0,0.0,0.0,10
wrp3-26.stp,2600485.0,2600486.0,2600485.1,12059.047,12663.68,12486.059,0.0,0.0,0.0,10
wrp3-27.stp,2700503.0,2700503.0,2700503.0,8084.108,8648.435,8273.986,0.0,0.0,0.0,10
wrp3-28.stp,2800380.0,2800386.0,2800383.6,10178.18,10910.319,10578.058,0.0,0.0,0.0,10
wrp3-29.stp,2900489.0,2900491.0,2900490.8,14905.783,15651.153,15250.959,0.0,0.0,0.0,10
wrp3-30.stp,3000572.0,3000574.0,3000572.6,25197.18,26293.635,25541.389,0.0,0.0,0.0,10
wrp3-31.stp,3100637.0,3100637.0,3100637.0,16182.991,17595.582,16945.346,0.0,0.0,0.0,10
wrp3-33.stp,3300523.0,3300523.0,3300523.0,29250.842,30935.442,30068.891,0.0,0.0,0.0,10
wrp3-34.stp,3400652.0,3400658.0,3400655.8,48260.305,50599.027,49104.26,0.0,0.0,0.0,10
wrp3-36.stp,3600612.0,3600612.0,3600612.0,24009.297,25273.67,24628.243,0.0,0.0,0.0,10
wrp3-37.stp,3700491.0,3700493.0,3700492.0,54475.684,58001.395,56396.114,0.0,0.0,0.0,10
wrp3-38.stp,3800659.0,3800661.0,3800659.7,31623.741,33866.554,32905.033,0.0,0.0,0.0,10
wrp3-39.stp,3900449.0,3900451.0,3900449.8,36267.55,38699.101,37380.155,0.0,0.0,0.0,10
wrp3-41.stp,4100466.0,4100466.0,4100466.0,16307.481,17258.366,16748.796,0.0,0.0,0.0,10
wrp3-42.stp,4200606.0,4200612.0,4200609.2,42626.093,45402.7,43747.09,0.0,0.0,0.0,10
wrp3-43.stp,4300457.0,4300457.0,4300457.0,16859.465,17859.17,17420.428,0.0,0.0,0.0,10
wrp3-45.stp,4500880.0,4500892.0,4500884.4,109266.763,114893.196,112659.137,0.0,0.0,0.0,10
wrp3-48.stp,4800563.0,4800565.0,4800564.3,78313.628,83095.753,80715.338,0.0,0.0,0.0,10
wrp3-49.stp,4900887.0,4900890.0,4900888.6,72704.553,77114.25,75050.263,0.0,0.0,0.0,10
wrp3-50.stp,5000681.0,5000689.0,5000684.3,94449.419,99088.997,96968.232,0.0,0.0,0.0,10
wrp3-52.stp,5200837.0,5200843.0,5200839.7,63296.402,66687.256,65035.252,0.0,0.0,0.0,10
wrp3-53.stp,5300863.0,5300868.0,5300865.4,69805.709,73919.813,71864.971,0.0,0.0,0.0,10
wrp3-55.stp,5500902.0,5500909.0,5500904.3,131826.452,138906.527,135386.864,0.0,0.0,0.0,10
wrp3-56.stp,5600879.0,5600882.0,5600880.1,116120.548,127124.15,121251.79,0.0,0.0,0.0,10
wrp3-60.stp,6001164.0,6001166.0,6001165.4,111731.934,115816.899,113614.253,0.0,0.0,0.0,10
wrp3-62.stp,6201016.0,6201017.0,6201016.2,86366.691,91080.454,87804.592,0.0,0.0,0.0,10
wrp3-64.stp,6400949.0,6400962.0,6400955.7,207498.268,220700.684,212579.31,0.0,0.0,0.0,10
wrp3-66.stp,6600927.0,6600947.0,6600936.3333,349617.698,375196.278,362707.86,0.0,0.0,0.0,9
wrp3-67.stp,6700781.0,6700784.0,6700782.0,118752.585,125241.159,122011.74,0.0,0.0,0.0,10
wrp3-69.stp,6900851.0,6900861.0,6900855.1,99185.355,105407.943,102608.95,0.0,0.0,0.0,10
wrp3-70.stp,7000895.0,7000902.0,7000899.2,242518.441,252433.341,247905.519,0.0,0.0,0.0,10
wrp3-71.stp,7101042.0,7101056.0,7101050.1,217723.703,245560.488,234009.913,0.0,0.0,0.0,10
wrp3-73.stp,7301217.0,7301228.0,7301221.3,229537.393,238232.101,234475.094,0.0,0.0,0.0,10
wrp3-74.stp,7400766.0,7400769.0,7400767.4,219742.073,233289.606,226917.499,0.0,0.0,0.0,10
wrp3-75.stp,7501022.0,7501024.0,7501023.3,160909.077,170776.247,166741.443,0.0,0.0,0.0,10
wrp3-76.stp,7601044.0,7601051.0,7601046.5,212829.536,236862.182,225862.302,0.0,0.0,0.0,10
wrp3-78.stp,7801123.0,7801141.0,7801133.625,407938.559,425550.033,418420.262,0.0,0.0,0.0,8
wrp3-79.stp,7900452.0,7900458.0,7900455.7,162900.961,173403.675,167784.407,0.0,0.0,0.0,10
wrp3-80.stp,8000866.0,8000878.0,8000872.0,247039.484,255411.849,252672.019,0.0,0.0,0.0,10
wrp3-83.stp,8300914.0,8300918.0,8300916.4,612197.572,625216.439,618950.64,0.0,0.0,0.0,5
wrp3-84.stp,8401107.0,8401129.0,8401123.3333,371508.268,389643.07,381306.704,0.0,0.0,0.0,9
wrp3-85.stp,8500760.0,8500765.0,8500763.2,171065.442,184066.79,177662.354,0.0,0.0,0.0,10
wrp3-86.stp,86000758.0,86000767.0,86000762.8,319591.189,331668.655,325690.184,0.0,0.0,0.0,10
wrp3-88.stp,88001177.0,88001193.0,88001181.5,194731.106,205342.482,198866.485,0.0,0.0,0.0,10
wrp3-91.stp,91000876.0,91000879.0,91000877.1111,357536.646,369078.204,360659.685,0.0,0.0,0.0,9
wrp3-92.stp,92000774.0,92000777.0,92000776.5,390673.137,413417.621,402911.057,0.0,0.0,0.0,8
wrp3-94.stp,94001190.0,94001191.0,94001190.1667,510570.796,537840.574,529200.851,0.0,0.0,0.0,6
wrp3-96.stp,96001200.0,96001221.0,96001212.0,541293.344,581155.245,556626.371,0.0,0.0,0.0,6
wrp3-98.stp,98001247.0,98001253.0,98001249.5714,447478.436,490057.64,465756.978,0.0,0.0,0.0,7
wrp3-99.stp,99001114.0,99001125.0,99001121.0,498885.746,519665.334,511458.264,0.0,0.0,0.0,7
wrp4-11.stp,1100190.0,1100190.0,1100190.0,510.153,552.767,536.349,0.0,0.0,0.0,10
wrp4-13.stp,1300814.0,1300814.0,1300814.0,1547.787,1601.049,1579.735,0.0,0.0,0.0,10
wrp4-14.stp,1400295.0,1400295.0,1400295.0,1417.253,1471.042,1440.116,0.0,0.0,0.0,10
wrp4-15.stp,1500414.0,1500414.0,1500414.0,3009.94,3106.612,3045.728,0.01,0.0,0.0,10
wrp4-16.stp,1601218.0,1601218.0,1601218.0,3963.588,4145.648,4064.643,0.01,0.0,0.0,10
wrp4-17.stp,1700525.0,1700525.0,1700525.0,3759.831,3985.904,3903.504,0.0,0.0,0.0,10
wrp4-18.stp,1801466.0,1801466.0,1801466.0,3558.535,3810.695,3664.866,0.0,0.0,0.0,10
wrp4-19.stp,1901446.0,1901446.0,1901446.0,3026.36,3116.814,3085.085,0.0,0.0,0.0,10
wrp4-21.stp,2103471.0,2103472.0,2103471.3,11195.349,12488.69,11973.085,0.01,0.0,0.01,10
wrp4-22.stp,2200399.0,2200402.0,2200400.9,8017.348,9300.5,8496.815,0.0,0.0,0.0,10
wrp4-23.stp,2300395.0,2300395.0,2300395.0,9733.078,10614.054,10154.023,0.0,0.0,0.0,10
wrp4-24.stp,2403349.0,2403351.0,2403349.4,13816.112,14466.011,14196.625,0.01,0.0,0.01,10
wrp4-25.stp,2500828.0,2500828.0,2500828.0,11181.255,11735.955,11449.765,0.0,0.0,0.0,10
wrp4-26.stp,2600443.0,2600444.0,2600443.6,13495.339,14778.769,14019.512,0.0,0.0,0.0,10
wrp4-27.stp,2700459.0,2700460.0,2700459.4,9206.261,9685.454,9426.46,0.0,0.0,0.0,10
wrp4-28.stp,2800466.0,2800470.0,2800468.7,11560.187,13047.117,12486.086,0.0,0.0,0.0,10
wrp4-29.stp,2900485.0,2900487.0,2900485.3,12556.559,13256.577,12917.977,0.0,0.0,0.0,10
wrp4-30.stp,3000532.0,3000534.0,3000532.7,14891.533,15917.673,15471.854,0.0,0.0,0.0,10
wrp4-31.stp,3100541.0,3100543.0,3100542.0,15932.499,17399.656,16564.453,0.0,0.0,0.0,10
wrp4-32.stp,3200570.0,3200570.0,3200570.0,13165.049,14315.429,13642.353,0.0,0.0,0.0,10
wrp4-33.stp,3300655.0,3300656.0,3300655.4,16416.494,17706.955,17111.64,0.0,0.0,0.0,10
wrp4-34.stp,3400529.0,3400543.0,3400539.6,17753.442,18659.619,18161.519,0.0,0.0,0.0,10
wrp4-35.stp,3500623.0,3500630.0,3500626.6,26079.438,29217.388,27940.403,0.0,0.0,0.0,10
wrp4-36.stp,3600596.0,3600598.0,3600596.3,20425.439,22363.136,21116.973,0.0,0.0,0.0,10
wrp4-37.stp,3700660.0,3700671.0,3700664.9,31505.651,33841.903,32616.707,0.0,0.0,0.0,10
wrp4-38.stp,3800609.0,3800618.0,3800613.5,20687.168,22103.431,21373.522,0.0,0.0,0.0,10
wrp4-39.stp,3903756.0,3903773.0,3903766.4,55403.1,58792.156,57169.701,0.01,0.0,0.0,10
wrp4-40.stp,4000760.0,4000764.0,4000762.1,34486.522,36775.66,35984.512,0.0,0.0,0.0,10
wrp4-41.stp,4100695.0,4100704.0,4100699.1,32716.331,34969.67,33800.786,0.0,0.0,0.0,10
wrp4-42.stp,4200705.0,4200711.0,4200707.7,41548.569,44375.554,43248.149,0.0,0.0,0.0,10
wrp4-43.stp,4301531.0,4301539.0,4301534.5,71471.414,76231.285,73839.245,0.0,0.0,0.0,10
wrp4-44.stp,4401504.0,4401505.0,4401504.9,30546.903,32542.756,31478.808,0.0,0.0,0.0,10
wrp4-45.stp,4500744.0,4500773.0,4500760.8,19226.129,21065.614,20077.708,0.0,0.0,0.0,10
wrp4-46.stp,4600764.0,4600768.0,4600765.6,51344.412,53726.515,52741.595,0.0,0.0,0.0,10
wrp4-47.stp,4701331.0,4701339.0,4701334.8,52660.517,57232.693,54608.851,0.01,0.0,0.0,10
wrp4-48.stp,4802255.0,4802258.0,4802256.2,79740.635,84981.102,82002.27,0.0,0.0,0.0,10
wrp4-49.stp,4901985.0,4901998.0,4901990.8,75970.183,80774.481,78433.084,0.0,0.0,0.0,10
wrp4-50.stp,5001654.0,5001665.0,5001659.9,64690.83,68568.194,66653.153,0.0,0.0,0.0,10
wrp4-51.stp,5101645.0,5101661.0,5101654.6,64566.471,69217.715,67551.065,0.0,0.0,0.0,10
wrp4-52.stp,5201093.0,5201112.0,5201106.8,61376.544,63546.111,62449.262,0.01,0.0,0.0,10
wrp4-53.stp,5301377.0,5301398.0,5301386.0,69523.318,73599.524,71785.581,0.0,0.0,0.0,10
wrp4-54.stp,5401555.0,5401570.0,5401564.3,77672.143,81621.577,79389.132,0.0,0.0,0.0,10
wrp4-55.stp,5501963.0,5501975.0,5501966.4,82434.662,88018.808,85680.975,0.0,0.0,0.0,10
wrp4-56.stp,5602349.0,5602368.0,5602358.1,109900.082,117287.285,113946.431,0.01,0.0,0.0,10
wrp4-58.stp,5801483.0,5801498.0,5801489.7,100051.703,107337.05,104048.454,0.0,0.0,0.0,10
wrp4-59.stp,5901605.0,5901626.0,5901617.2,113509.219,124085.492,118329.008,0.0,0.0,0.0,10
wrp4-60.stp,6001822.0,6001836.0,6001831.9,100662.251,104730.253,102336.635,0.0,0.0,0.0,10
wrp4-61.stp,6102274.0,6102291.0,6102285.2,166583.032,175608.422,171140.197,0.01,0.0,0.0,10
wrp4-62.stp,6202137.0,6202162.0,6202149.5,198691.38,211635.765,203552.387,0.0,0.0,0.0,10
wrp4-63.stp,6301498.0,6301517.0,6301506.1,137101.215,145206.054,140492.897,0.0,0.0,0.0,10
wrp4-64.stp,6402019.0,6402038.0,6402029.2,98069.571,104361.194,100707.773,0.0,0.0,0.0,10
wrp4-66.stp,6602950.0,6602963.0,6602957.8,104939.062,109050.868,107286.75,0.0,0.0,0.0,10
wrp4-67.stp,6702831.0,6702849.0,6702842.7,187990.874,194612.461,191165.744,0.01,0.0,0.0,10
wrp4-68.stp,6801762.0,6801782.0,6801776.4,109921.854,116401.37,113297.163,0.0,0.0,0.0,10
wrp4-69.stp,6902375.0,6902408.0,6902388.2,98600.861,103467.822,101162.446,0.0,0.0,0.0,10
wrp4-70.stp,7003034.0,7003053.0,7003046.2,154662.226,163759.371,158997.767,0.0,0.0,0.0,10
wrp4-71.stp,7102369.0,7102389.0,7102380.2,247793.759,257698.284,253483.754,0.0,0.0,0.0,10
wrp4-72.stp,7202875.0,7202889.0,7202880.0,230013.105,242458.498,236374.591,0.0,0.0,0.0,10
wrp4-73.stp,7302716.0,7302729.0,7302723.4444,357338.469,373755.359,365524.372,0.01,0.0,0.0,9
wrp4-74.stp,7402083.0,7402102.0,7402090.9,164934.309,176997.946,170099.037,0.0,0.0,0.0,10
wrp4-75.stp,7501740.0,7501763.0,7501754.0,162291.012,170782.147,165558.731,0.0,0.0,0.0,10
wrp4-76.stp,7602074.0,7602100.0,7602084.4,178644.509,189847.855,183624.685,0.01,0.0,0.0,10
