Instância;|V|;|E|;|T|;D_G;C_T
alut0787.stp;1160;2089;34;0,003108;0,02931
alut2625.stp;36711;68117;880;0,000101;0,023971
alut2610.stp;33901;62816;204;0,000109;0,006018
alut2566.stp;5021;9055;68;0,000718;0,013543
alut2010.stp;6104;11011;68;0,000591;0,01114
alut2764.stp;387;626;34;0,008381;0,087855
alut2288.stp;9070;16595;68;0,000403;0,007497
alut1181.stp;3041;5693;64;0,001232;0,021046
alut0805.stp;966;1666;34;0,003574;0,035197
diw0559.stp;3738;7013;18;0,001004;0,004815
diw0313.stp;468;822;14;0,007522;0,029915
diw0473.stp;2213;4135;26;0,001689;0,011749
diw0778.stp;7231;13727;24;0,000525;0,003319
diw0795.stp;3221;5938;10;0,001145;0,003105
diw0779.stp;11821;22516;50;0,000322;0,00423
diw0540.stp;286;465;10;0,01141;0,034965
diw0523.stp;1080;2015;10;0,003458;0,009259
diw0250.stp;353;608;12;0,009786;0,033994
diw0513.stp;918;1684;10;0,004001;0,010893
diw0460.stp;339;579;14;0,010106;0,041298
diw0495.stp;938;1655;10;0,003766;0,010661
diw0819.stp;10553;20066;32;0,00036;0,003032
diw0487.stp;2414;4386;26;0,001506;0,010771
diw0260.stp;539;985;12;0,006794;0,022263
diw0393.stp;212;381;12;0,017035;0,056604
diw0234.stp;5349;10086;26;0,000705;0,004861
diw0445.stp;1804;3311;34;0,002036;0,018847
diw0801.stp;3023;5575;10;0,001221;0,003308
diw0459.stp;3636;6789;26;0,001027;0,007151
diw0820.stp;11749;22384;38;0,000324;0,003234
lin15.stp;840;1484;34;0,004211;0,040476
lin31.stp;19100;35653;40;0,000195;0,002094
lin34.stp;38282;71521;34;9,8e-05;0,000888
lin04.stp;157;266;6;0,021721;0,038217
lin07.stp;307;526;6;0,011198;0,019544
lin14.stp;828;1472;22;0,004299;0,02657
lin01.stp;53;80;4;0,058055;0,075472
lin29.stp;19083;35636;24;0,000196;0,001258
lin03.stp;57;84;8;0,052632;0,140351
lin02.stp;55;82;6;0,055219;0,109091
lin06.stp;165;274;14;0,020251;0,084848
lin20.stp;3675;6709;12;0,000994;0,003265
lin11.stp;816;1460;10;0,004391;0,012255
lin26.stp;8013;14749;30;0,000459;0,003744
lin05.stp;160;269;10;0,021148;0,0625
lin37.stp;38418;71657;172;9,7e-05;0,004477
lin27.stp;8017;14753;36;0,000459;0,00449
lin36.stp;38307;71546;58;9,8e-05;0,001514
lin22.stp;3692;6726;28;0,000987;0,007584
lin09.stp;313;532;12;0,010895;0,038339
lin35.stp;38294;71533;46;9,8e-05;0,001201
lin12.stp;818;1462;12;0,004375;0,01467
lin13.stp;822;1466;16;0,004345;0,019465
lin08.stp;311;530;10;0,010995;0,032154
lin28.stp;8062;14798;82;0,000455;0,010171
lin19.stp;2010;3662;42;0,001814;0,020896
lin17.stp;1989;3641;20;0,001842;0,010055
lin10.stp;321;540;20;0,010514;0,062305
lin21.stp;3683;6717;20;0,000991;0,00543
lin24.stp;7998;14734;16;0,000461;0,002001
lin25.stp;8007;14743;24;0,00046;0,002997
lin30.stp;19091;35644;32;0,000196;0,001676
lin32.stp;19112;35665;54;0,000195;0,002825
lin23.stp;3716;6750;52;0,000978;0,013994
lin18.stp;1994;3646;26;0,001835;0,013039
lin16.stp;1981;3633;12;0,001852;0,006058
lin33.stp;19177;35730;118;0,000194;0,006153
alue7080.stp;34479;55494;2344;9,3e-05;0,067983
alue6457.stp;3932;6137;68;0,000794;0,017294
alue2105.stp;1220;1858;34;0,002499;0,027869
alue5067.stp;3524;5560;68;0,000896;0,019296
alue7066.stp;6405;10454;16;0,00051;0,002498
alue6179.stp;3372;5213;68;0,000917;0,020166
alue3146.stp;3626;5869;64;0,000893;0,01765
alue6735.stp;4119;6696;68;0,00079;0,016509
alue5901.stp;11543;18429;68;0,000277;0,005891
alue7065.stp;34046;54841;544;9,5e-05;0,015978
alue6951.stp;2818;4419;68;0,001113;0,024131
alue7229.stp;940;1474;34;0,00334;0,03617
alue5345.stp;5179;8165;68;0,000609;0,01313
alue5623.stp;4472;6938;68;0,000694;0,015206
alue2087.stp;1244;1971;34;0,002549;0,027331
wrp4-19.stp;119;206;20;0,029341;0,168067
wrp4-53.stp;615;1232;54;0,006525;0,087805
wrp4-68.stp;917;1850;68;0,004405;0,074155
wrp4-47.stp;555;1098;48;0,007142;0,086486
wrp4-46.stp;632;1287;46;0,006454;0,072785
wrp4-32.stp;311;632;32;0,013111;0,102894
wrp4-17.stp;223;404;18;0,016321;0,080717
wrp4-66.stp;844;1691;66;0,004753;0,078199
wrp4-50.stp;564;1112;50;0,007004;0,088652
wrp4-26.stp;396;781;26;0,009986;0,065657
wrp4-30.stp;361;724;30;0,011142;0,083102
wrp4-60.stp;693;1370;60;0,005714;0,08658
wrp4-56.stp;839;1617;56;0,0046;0,066746
wrp4-63.stp;1121;2227;64;0,003548;0,057092
wrp4-15.stp;193;369;16;0,019916;0,082902
wrp4-43.stp;596;1148;44;0,006475;0,073826
wrp4-69.stp;574;1165;70;0,007084;0,121951
wrp4-11.stp;123;233;12;0,031054;0,097561
wrp4-55.stp;610;1201;56;0,006466;0,091803
wrp4-14.stp;145;283;14;0,027107;0,096552
wrp4-13.stp;110;188;14;0,031359;0,127273
wrp4-34.stp;314;650;34;0,013227;0,10828
wrp4-48.stp;451;825;48;0,00813;0,10643
wrp4-70.stp;637;1269;70;0,006265;0,10989
wrp4-76.stp;766;1535;76;0,005239;0,099217
wrp4-23.stp;257;515;24;0,015655;0,093385
wrp4-28.stp;272;545;28;0,014787;0,102941
wrp4-61.stp;775;1538;62;0,005128;0,08
wrp4-75.stp;938;1869;76;0,004253;0,081023
wrp4-42.stp;552;1131;42;0,007437;0,076087
wrp4-64.stp;632;1281;64;0,006424;0,101266
wrp4-59.stp;904;1806;60;0,004425;0,066372
wrp4-58.stp;757;1493;58;0,005218;0,076618
wrp4-27.stp;243;497;28;0,016903;0,115226
wrp4-44.stp;398;788;44;0,009974;0,110553
wrp4-37.stp;522;1054;38;0,007751;0,072797
wrp4-71.stp;802;1609;72;0,005009;0,089776
wrp4-33.stp;304;571;34;0,012398;0,111842
wrp4-24.stp;493;963;24;0,00794;0,048682
wrp4-36.stp;363;750;36;0,011415;0,099174
wrp4-29.stp;247;505;30;0,016622;0,121457
wrp4-25.stp;422;808;26;0,009096;0,061611
wrp4-67.stp;1518;3060;68;0,002658;0,044796
wrp4-54.stp;688;1388;54;0,005873;0,078488
wrp4-52.stp;547;1115;52;0,007467;0,095064
wrp4-45.stp;388;815;46;0,010855;0,118557
wrp4-62.stp;1283;2493;62;0,003031;0,048324
wrp4-38.stp;294;618;38;0,014348;0,129252
wrp4-21.stp;529;1032;22;0,00739;0,041588
wrp4-16.stp;311;579;16;0,012011;0,051447
wrp4-39.stp;802;1553;40;0,004835;0,049875
wrp4-74.stp;802;1620;74;0,005044;0,092269
wrp4-49.stp;557;1080;50;0,006975;0,089767
wrp4-41.stp;465;955;42;0,008852;0,090323
wrp4-73.stp;1898;3616;74;0,002009;0,038988
wrp4-18.stp;211;380;18;0,017152;0,085308
wrp4-31.stp;390;786;32;0,010362;0,082051
wrp4-72.stp;1151;2274;72;0,003436;0,062554
wrp4-51.stp;668;1306;52;0,005862;0,077844
wrp4-35.stp;471;954;36;0,008619;0,076433
wrp4-22.stp;294;568;22;0,013188;0,07483
wrp4-40.stp;538;1088;40;0,007532;0,074349
wrp3-52.stp;701;1352;52;0,00551;0,07418
wrp3-33.stp;437;838;34;0,008796;0,077803
wrp3-14.stp;128;247;14;0,030389;0,109375
wrp3-80.stp;1491;2831;80;0,002549;0,053655
wrp3-43.stp;173;298;44;0,02003;0,254335
wrp3-15.stp;138;257;16;0,027187;0,115942
wrp3-27.stp;370;721;28;0,010562;0,075676
wrp3-39.stp;703;1616;40;0,006549;0,056899
wrp3-48.stp;925;1738;48;0,004067;0,051892
wrp3-38.stp;603;1207;38;0,00665;0,063018
wrp3-66.stp;2521;4858;66;0,001529;0,02618
wrp3-55.stp;1645;3186;56;0,002356;0,034043
wrp3-12.stp;84;149;12;0,042742;0,142857
wrp3-26.stp;402;780;26;0,009677;0,064677
wrp3-88.stp;743;1409;88;0,005111;0,118439
wrp3-19.stp;189;353;20;0,019869;0,10582
wrp3-83.stp;3168;6220;84;0,00124;0,026515
wrp3-92.stp;1765;3613;92;0,002321;0,052125
wrp3-13.stp;311;613;14;0,012717;0,045016
wrp3-84.stp;2356;4547;84;0,001639;0,035654
wrp3-29.stp;245;436;30;0,014587;0,122449
wrp3-56.stp;853;1590;56;0,004376;0,065651
wrp3-75.stp;729;1395;76;0,005257;0,104252
wrp3-37.stp;1011;2010;38;0,003937;0,037587
wrp3-23.stp;132;230;24;0,026602;0,181818
wrp3-60.stp;838;1763;60;0,005027;0,071599
wrp3-36.stp;435;818;36;0,008666;0,082759
wrp3-50.stp;1119;2251;50;0,003599;0,044683
wrp3-73.stp;1890;3613;74;0,002024;0,039153
wrp3-67.stp;987;1923;68;0,003952;0,068896
wrp3-99.stp;2076;4072;100;0,001891;0,04817
wrp3-24.stp;262;487;24;0,014244;0,091603
wrp3-62.stp;670;1316;62;0,005872;0,092537
wrp3-91.stp;1343;2594;92;0,002879;0,068503
wrp3-17.stp;177;354;18;0,022727;0,101695
wrp3-78.stp;2346;4656;78;0,001693;0,033248
wrp3-25.stp;246;468;26;0,01553;0,105691
wrp3-98.stp;2265;4545;98;0,001773;0,043267
wrp3-86.stp;1360;2607;86;0,002821;0,063235
wrp3-11.stp;128;227;12;0,027928;0,09375
wrp3-41.stp;178;307;42;0,019488;0,235955
wrp3-69.stp;856;1621;70;0,00443;0,081776
wrp3-95.stp;2404;4469;96;0,001547;0,039933
wrp3-42.stp;705;1373;42;0,005533;0,059574
wrp3-28.stp;307;559;28;0,011901;0,091205
wrp3-45.stp;1414;2813;46;0,002816;0,032532
wrp3-20.stp;245;454;20;0,015189;0,081633
wrp3-21.stp;237;444;22;0,015876;0,092827
wrp3-49.stp;886;1800;50;0,004591;0,056433
wrp3-22.stp;233;431;22;0,015946;0,094421
wrp3-76.stp;1761;3370;76;0,002175;0,043157
wrp3-53.stp;775;1471;54;0,004905;0,069677
wrp3-74.stp;1019;1941;74;0,003742;0,07262
wrp3-79.stp;833;1595;80;0,004603;0,096038
wrp3-94.stp;1976;3836;94;0,001966;0,047571
wrp3-16.stp;204;374;16;0,018062;0,078431
wrp3-64.stp;1822;3610;64;0,002176;0,035126
wrp3-30.stp;467;896;30;0,008234;0,06424
wrp3-96.stp;2518;4985;96;0,001573;0,038125
wrp3-70.stp;1468;2931;70;0,002722;0,047684
wrp3-85.stp;528;1017;86;0,00731;0,162879
wrp3-71.stp;1221;2414;72;0,003241;0,058968
wrp3-34.stp;1244;2474;34;0,0032;0,027331
wrp3-31.stp;323;592;32;0,011384;0,099071
oddwheel3.stp;7;9;4;0,428571;0,571429
antiwheel5.stp;10;15;6;0,333333;0,6
se03.stp;13;21;4;0,269231;0,307692
w23c23.stp;1081;3174;552;0,005437;0,510638
w13c29.stp;783;2262;406;0,007388;0,518519
oddcycle3.stp;6;9;4;0,6;0,666667
design432.stp;8;20;4;0,714286;0,5
w3c571.stp;3997;10278;2284;0,001287;0,571429
e06.stp;2500;5000;6;0,001601;0,0024
e17.stp;2500;62500;10;0,020008;0,004
e08.stp;2500;5000;418;0,001601;0,1672
e20.stp;2500;62500;1250;0,020008;0,5
e13.stp;2500;12500;418;0,004002;0,1672
e01.stp;2500;3125;6;0,001;0,0024
e16.stp;2500;62500;6;0,020008;0,0024
e12.stp;2500;12500;10;0,004002;0,004
e02.stp;2500;3125;10;0,001;0,004
e15.stp;2500;12500;1250;0,004002;0,5
e04.stp;2500;3125;626;0,001;0,2504
e05.stp;2500;3125;1250;0,001;0,5
e03.stp;2500;3125;418;0,001;0,1672
e09.stp;2500;5000;626;0,001601;0,2504
e10.stp;2500;5000;1250;0,001601;0,5
e18.stp;2500;62500;418;0,020008;0,1672
e11.stp;2500;12500;6;0,004002;0,0024
e07.stp;2500;5000;10;0,001601;0,004
e14.stp;2500;12500;626;0,004002;0,2504
e19.stp;2500;62500;626;0,020008;0,2504
p615.stp;200;370;40;0,018593;0,2
p605.stp;100;180;10;0,036364;0,1
p613.stp;200;370;10;0,018593;0,05
p602.stp;100;180;6;0,036364;0,06
p603.stp;100;180;6;0,036364;0,06
p604.stp;100;180;10;0,036364;0,1
p612.stp;100;180;50;0,036364;0,5
p606.stp;100;180;10;0,036364;0,1
p611.stp;100;180;50;0,036364;0,5
p614.stp;200;370;20;0,018593;0,1
p609.stp;100;180;20;0,036364;0,2
p616.stp;200;370;100;0,018593;0,5
p610.stp;100;180;50;0,036364;0,5
p607.stp;100;180;20;0,036364;0,2
p608.stp;100;180;20;0,036364;0,2
d11.stp;1000;5000;6;0,01001;0,006
d01.stp;1000;1250;6;0,002503;0,006
d15.stp;1000;5000;500;0,01001;0,5
d07.stp;1000;2000;10;0,004004;0,01
d18.stp;1000;25000;168;0,05005;0,168
d02.stp;1000;1250;10;0,002503;0,01
d03.stp;1000;1250;168;0,002503;0,168
d19.stp;1000;25000;250;0,05005;0,25
d17.stp;1000;25000;10;0,05005;0,01
d06.stp;1000;2000;6;0,004004;0,006
d13.stp;1000;5000;168;0,01001;0,168
d10.stp;1000;2000;500;0,004004;0,5
d20.stp;1000;25000;500;0,05005;0,5
d14.stp;1000;5000;250;0,01001;0,25
d09.stp;1000;2000;250;0,004004;0,25
d08.stp;1000;2000;168;0,004004;0,168
d16.stp;1000;25000;6;0,05005;0,006
d05.stp;1000;1250;500;0,002503;0,5
d12.stp;1000;5000;10;0,01001;0,01
d04.stp;1000;1250;250;0,002503;0,25
mc11.stp;400;760;214;0,009524;0,535
mc8.stp;400;760;188;0,009524;0,47
mc7.stp;400;760;170;0,009524;0,425
c02.stp;500;625;10;0,00501;0,02
c13.stp;500;2500;84;0,02004;0,168
c04.stp;500;625;126;0,00501;0,252
c18.stp;500;12500;84;0,1002;0,168
c05.stp;500;625;250;0,00501;0,5
c17.stp;500;12500;10;0,1002;0,02
c11.stp;500;2500;6;0,02004;0,012
c09.stp;500;1000;126;0,008016;0,252
c20.stp;500;12500;250;0,1002;0,5
c08.stp;500;1000;84;0,008016;0,168
c12.stp;500;2500;10;0,02004;0,02
c16.stp;500;12500;6;0,1002;0,012
c10.stp;500;1000;250;0,008016;0,5
c14.stp;500;2500;126;0,02004;0,252
c06.stp;500;1000;6;0,008016;0,012
c03.stp;500;625;84;0,00501;0,168
c19.stp;500;12500;126;0,1002;0,252
c01.stp;0;0;2;0,0;0,0
c07.stp;500;1000;10;0,008016;0,02
c15.stp;500;2500;250;0,02004;0,5
b16.stp;100;200;18;0,040404;0,18
b12.stp;75;150;38;0,054054;0,506667
b13.stp;100;125;18;0,025253;0,18
b04.stp;50;100;10;0,081633;0,2
b05.stp;50;100;14;0,081633;0,28
b17.stp;100;200;26;0,040404;0,26
b09.stp;75;94;38;0,033874;0,506667
b14.stp;100;125;26;0,025253;0,26
b08.stp;75;94;20;0,033874;0,266667
b18.stp;100;200;50;0,040404;0,5
b01.stp;50;63;10;0,051429;0,2
b07.stp;75;94;14;0,033874;0,186667
b11.stp;75;150;20;0,054054;0,266667
b02.stp;50;63;14;0,051429;0,28
b10.stp;75;150;14;0,054054;0,186667
b15.stp;100;125;50;0,025253;0,5
b03.stp;50;63;26;0,051429;0,52
b06.stp;50;100;26;0,081633;0,52
i160-231.stp;160;320;24;0,025157;0,15
i160-233.stp;160;320;24;0,025157;0,15
i160-302.stp;160;240;40;0,018868;0,25
i160-023.stp;160;12720;8;1,0;0,05
i160-134.stp;160;320;12;0,025157;0,075
i160-304.stp;160;240;40;0,018868;0,25
i160-135.stp;160;320;12;0,025157;0,075
i160-033.stp;160;320;8;0,025157;0,05
i160-022.stp;160;12720;8;1,0;0,05
i160-323.stp;160;12720;40;1,0;0,25
i160-121.stp;160;12720;12;1,0;0,075
i160-334.stp;160;320;40;0,025157;0,25
i160-223.stp;160;12720;24;1,0;0,15
i160-133.stp;160;320;12;0,025157;0,075
i160-002.stp;160;240;8;0,018868;0,05
i160-214.stp;160;812;24;0,063836;0,15
i160-202.stp;160;240;24;0,018868;0,15
i160-122.stp;160;12720;12;1,0;0,075
i160-045.stp;160;2544;8;0,2;0,05
i160-324.stp;160;12720;40;1,0;0,25
i160-325.stp;160;12720;40;1,0;0,25
i160-105.stp;160;240;12;0,018868;0,075
i160-215.stp;160;812;24;0,063836;0,15
i160-031.stp;160;320;8;0,025157;0,05
i160-141.stp;160;2544;12;0,2;0,075
i160-123.stp;160;12720;12;1,0;0,075
i160-331.stp;160;320;40;0,025157;0,25
i160-213.stp;160;812;24;0,063836;0,15
i160-342.stp;160;2544;40;0,2;0,25
i160-221.stp;160;12720;24;1,0;0,15
i160-203.stp;160;240;24;0,018868;0,15
i160-243.stp;160;2544;24;0,2;0,15
i160-004.stp;160;240;8;0,018868;0,05
i160-332.stp;160;320;40;0,025157;0,25
i160-032.stp;160;320;8;0,025157;0,05
i160-124.stp;160;12720;12;1,0;0,075
i160-313.stp;160;812;40;0,063836;0,25
i160-305.stp;160;240;40;0,018868;0,25
i160-015.stp;160;812;8;0,063836;0,05
i160-201.stp;160;240;24;0,018868;0,15
i160-044.stp;160;2544;8;0,2;0,05
i160-014.stp;160;812;8;0,063836;0,05
i160-205.stp;160;240;24;0,018868;0,15
i160-042.stp;160;2544;8;0,2;0,05
i160-115.stp;160;812;12;0,063836;0,075
i160-144.stp;160;2544;12;0,2;0,075
i160-333.stp;160;320;40;0,025157;0,25
i160-145.stp;160;2544;12;0,2;0,075
i160-235.stp;160;320;24;0,025157;0,15
i160-314.stp;160;812;40;0,063836;0,25
i160-335.stp;160;320;40;0,025157;0,25
i160-111.stp;160;812;12;0,063836;0,075
i160-204.stp;160;240;24;0,018868;0,15
i160-102.stp;160;240;12;0,018868;0,075
i160-341.stp;160;2544;40;0,2;0,25
i160-303.stp;160;240;40;0,018868;0,25
i160-212.stp;160;812;24;0,063836;0,15
i160-311.stp;160;812;40;0,063836;0,25
i160-242.stp;160;2544;24;0,2;0,15
i160-114.stp;160;812;12;0,063836;0,075
i160-034.stp;160;320;8;0,025157;0,05
i160-344.stp;160;2544;40;0,2;0,25
i160-043.stp;160;2544;8;0,2;0,05
i160-013.stp;160;812;8;0,063836;0,05
i160-021.stp;160;12720;8;1,0;0,05
i160-225.stp;160;12720;24;1,0;0,15
i160-244.stp;160;2544;24;0,2;0,15
i160-222.stp;160;12720;24;1,0;0,15
i160-345.stp;160;2544;40;0,2;0,25
i160-234.stp;160;320;24;0,025157;0,15
i160-245.stp;160;2544;24;0,2;0,15
i160-143.stp;160;2544;12;0,2;0,075
i160-112.stp;160;812;12;0,063836;0,075
i160-321.stp;160;12720;40;1,0;0,25
i160-132.stp;160;320;12;0,025157;0,075
i160-211.stp;160;812;24;0,063836;0,15
i160-024.stp;160;12720;8;1,0;0,05
i160-131.stp;160;320;12;0,025157;0,075
i160-104.stp;160;240;12;0,018868;0,075
i160-113.stp;160;812;12;0,063836;0,075
i160-012.stp;160;812;8;0,063836;0,05
i160-343.stp;160;2544;40;0,2;0,25
i160-011.stp;160;812;8;0,063836;0,05
i160-041.stp;160;2544;8;0,2;0,05
i160-001.stp;160;240;8;0,018868;0,05
i160-103.stp;160;240;12;0,018868;0,075
i160-003.stp;160;240;8;0,018868;0,05
i160-035.stp;160;320;8;0,025157;0,05
i160-142.stp;160;2544;12;0,2;0,075
i160-125.stp;160;12720;12;1,0;0,075
i160-301.stp;160;240;40;0,018868;0,25
i160-322.stp;160;12720;40;1,0;0,25
i160-101.stp;160;240;12;0,018868;0,075
i160-315.stp;160;812;40;0,063836;0,25
i160-241.stp;160;2544;24;0,2;0,15
i160-224.stp;160;12720;24;1,0;0,15
i160-025.stp;160;12720;8;1,0;0,05
i160-312.stp;160;812;40;0,063836;0,25
i160-005.stp;160;240;8;0,018868;0,05
i160-232.stp;160;320;24;0,025157;0,15
i320-014.stp;320;1845;8;0,036148;0,025
i320-033.stp;320;640;8;0,012539;0,025
i320-034.stp;320;640;8;0,012539;0,025
i320-002.stp;320;480;8;0,009404;0,025
i320-315.stp;320;1845;80;0,036148;0,25
i320-233.stp;320;640;34;0,012539;0,10625
i320-131.stp;320;640;18;0,012539;0,05625
i320-222.stp;320;51040;34;1,0;0,10625
i320-205.stp;320;480;34;0,009404;0,10625
i320-015.stp;320;1845;8;0,036148;0,025
i320-003.stp;320;480;8;0,009404;0,025
i320-301.stp;320;480;80;0,009404;0,25
i320-325.stp;320;51040;80;1,0;0,25
i320-012.stp;320;1845;8;0,036148;0,025
i320-111.stp;320;1845;18;0,036148;0,05625
i320-324.stp;320;51040;80;1,0;0,25
i320-211.stp;320;1845;34;0,036148;0,10625
i320-025.stp;320;51040;8;1,0;0,025
i320-245.stp;320;10208;34;0,2;0,10625
i320-042.stp;320;10208;8;0,2;0,025
i320-123.stp;320;51040;18;1,0;0,05625
i320-242.stp;320;10208;34;0,2;0,10625
i320-303.stp;320;480;80;0,009404;0,25
i320-031.stp;320;640;8;0,012539;0,025
i320-335.stp;320;640;80;0,012539;0,25
i320-231.stp;320;640;34;0,012539;0,10625
i320-115.stp;320;1845;18;0,036148;0,05625
i320-023.stp;320;51040;8;1,0;0,025
i320-234.stp;320;640;34;0,012539;0,10625
i320-345.stp;320;10208;80;0,2;0,25
i320-121.stp;320;51040;18;1,0;0,05625
i320-124.stp;320;51040;18;1,0;0,05625
i320-235.stp;320;640;34;0,012539;0,10625
i320-112.stp;320;1845;18;0,036148;0,05625
i320-103.stp;320;480;18;0,009404;0,05625
i320-105.stp;320;480;18;0,009404;0,05625
i320-144.stp;320;10208;18;0,2;0,05625
i320-001.stp;320;480;8;0,009404;0,025
i320-304.stp;320;480;80;0,009404;0,25
i320-344.stp;320;10208;80;0,2;0,25
i320-202.stp;320;480;34;0,009404;0,10625
i320-142.stp;320;10208;18;0,2;0,05625
i320-313.stp;320;1845;80;0,036148;0,25
i320-045.stp;320;10208;8;0,2;0,025
i320-145.stp;320;10208;18;0,2;0,05625
i320-201.stp;320;480;34;0,009404;0,10625
i320-043.stp;320;10208;8;0,2;0,025
i320-114.stp;320;1845;18;0,036148;0,05625
i320-342.stp;320;10208;80;0,2;0,25
i320-225.stp;320;51040;34;1,0;0,10625
i320-232.stp;320;640;34;0,012539;0,10625
i320-035.stp;320;640;8;0,012539;0,025
i320-302.stp;320;480;80;0,009404;0,25
i320-133.stp;320;640;18;0,012539;0,05625
i320-044.stp;320;10208;8;0,2;0,025
i320-135.stp;320;640;18;0,012539;0,05625
i320-311.stp;320;1845;80;0,036148;0,25
i320-204.stp;320;480;34;0,009404;0,10625
i320-102.stp;320;480;18;0,009404;0,05625
i320-203.stp;320;480;34;0,009404;0,10625
i320-213.stp;320;1845;34;0,036148;0,10625
i320-101.stp;320;480;18;0,009404;0,05625
i320-322.stp;320;51040;80;1,0;0,25
i320-241.stp;320;10208;34;0,2;0,10625
i320-343.stp;320;10208;80;0,2;0,25
i320-244.stp;320;10208;34;0,2;0,10625
i320-212.stp;320;1845;34;0,036148;0,10625
i320-104.stp;320;480;18;0,009404;0,05625
i320-143.stp;320;10208;18;0,2;0,05625
i320-132.stp;320;640;18;0,012539;0,05625
i320-032.stp;320;640;8;0,012539;0,025
i320-013.stp;320;1845;8;0,036148;0,025
i320-341.stp;320;10208;80;0,2;0,25
i320-041.stp;320;10208;8;0,2;0,025
i320-333.stp;320;640;80;0,012539;0,25
i320-332.stp;320;640;80;0,012539;0,25
i320-224.stp;320;51040;34;1,0;0,10625
i320-215.stp;320;1845;34;0,036148;0,10625
i320-021.stp;320;51040;8;1,0;0,025
i320-122.stp;320;51040;18;1,0;0,05625
i320-312.stp;320;1845;80;0,036148;0,25
i320-314.stp;320;1845;80;0,036148;0,25
i320-323.stp;320;51040;80;1,0;0,25
i320-011.stp;320;1845;8;0,036148;0,025
i320-305.stp;320;480;80;0,009404;0,25
i320-321.stp;320;51040;80;1,0;0,25
i320-134.stp;320;640;18;0,012539;0,05625
i320-022.stp;320;51040;8;1,0;0,025
i320-141.stp;320;10208;18;0,2;0,05625
i320-334.stp;320;640;80;0,012539;0,25
i320-243.stp;320;10208;34;0,2;0,10625
i320-024.stp;320;51040;8;1,0;0,025
i320-223.stp;320;51040;34;1,0;0,10625
i320-004.stp;320;480;8;0,009404;0,025
i320-221.stp;320;51040;34;1,0;0,10625
i320-214.stp;320;1845;34;0,036148;0,10625
i320-113.stp;320;1845;18;0,036148;0,05625
i320-125.stp;320;51040;18;1,0;0,05625
i320-005.stp;320;480;8;0,009404;0,025
i320-331.stp;320;640;80;0,012539;0,25
i080-321.stp;80;3160;20;1,0;0,25
i080-324.stp;80;3160;20;1,0;0,25
i080-114.stp;80;350;8;0,110759;0,1
i080-105.stp;80;120;8;0,037975;0,1
i080-221.stp;80;3160;16;1,0;0,2
i080-131.stp;80;160;8;0,050633;0,1
i080-344.stp;80;632;20;0,2;0,25
i080-125.stp;80;3160;8;1,0;0,1
i080-112.stp;80;350;8;0,110759;0,1
i080-005.stp;80;120;6;0,037975;0,075
i080-022.stp;80;3160;6;1,0;0,075
i080-205.stp;80;120;16;0,037975;0,2
i080-232.stp;80;160;16;0,050633;0,2
i080-001.stp;80;120;6;0,037975;0,075
i080-014.stp;80;350;6;0,110759;0,075
i080-334.stp;80;160;20;0,050633;0,25
i080-035.stp;80;160;6;0,050633;0,075
i080-243.stp;80;632;16;0,2;0,2
i080-305.stp;80;120;20;0,037975;0,25
i080-214.stp;80;350;16;0,110759;0,2
i080-004.stp;80;120;6;0,037975;0,075
i080-225.stp;80;3160;16;1,0;0,2
i080-021.stp;80;3160;6;1,0;0,075
i080-215.stp;80;350;16;0,110759;0,2
i080-235.stp;80;160;16;0,050633;0,2
i080-121.stp;80;3160;8;1,0;0,1
i080-102.stp;80;120;8;0,037975;0,1
i080-245.stp;80;632;16;0,2;0,2
i080-134.stp;80;160;8;0,050633;0,1
i080-211.stp;80;350;16;0,110759;0,2
i080-111.stp;80;350;8;0,110759;0,1
i080-234.stp;80;160;16;0,050633;0,2
i080-133.stp;80;160;8;0,050633;0,1
i080-012.stp;80;350;6;0,110759;0,075
i080-332.stp;80;160;20;0,050633;0,25
i080-233.stp;80;160;16;0,050633;0,2
i080-323.stp;80;3160;20;1,0;0,25
i080-322.stp;80;3160;20;1,0;0,25
i080-242.stp;80;632;16;0,2;0,2
i080-104.stp;80;120;8;0,037975;0,1
i080-122.stp;80;3160;8;1,0;0,1
i080-115.stp;80;350;8;0,110759;0,1
i080-202.stp;80;120;16;0,037975;0,2
i080-042.stp;80;632;6;0,2;0,075
i080-301.stp;80;120;20;0,037975;0,25
i080-341.stp;80;632;20;0,2;0,25
i080-314.stp;80;350;20;0,110759;0,25
i080-241.stp;80;632;16;0,2;0,2
i080-244.stp;80;632;16;0,2;0,2
i080-343.stp;80;632;20;0,2;0,25
i080-145.stp;80;632;8;0,2;0,1
i080-011.stp;80;350;6;0,110759;0,075
i080-203.stp;80;120;16;0,037975;0,2
i080-141.stp;80;632;8;0,2;0,1
i080-201.stp;80;120;16;0,037975;0,2
i080-103.stp;80;120;8;0,037975;0,1
i080-311.stp;80;350;20;0,110759;0,25
i080-033.stp;80;160;6;0,050633;0,075
i080-302.stp;80;120;20;0,037975;0,25
i080-312.stp;80;350;20;0,110759;0,25
i080-345.stp;80;632;20;0,2;0,25
i080-032.stp;80;160;6;0,050633;0,075
i080-304.stp;80;120;20;0,037975;0,25
i080-043.stp;80;632;6;0,2;0,075
i080-315.stp;80;350;20;0,110759;0,25
i080-015.stp;80;350;6;0,110759;0,075
i080-213.stp;80;350;16;0,110759;0,2
i080-231.stp;80;160;16;0,050633;0,2
i080-135.stp;80;160;8;0,050633;0,1
i080-101.stp;80;120;8;0,037975;0,1
i080-331.stp;80;160;20;0,050633;0,25
i080-132.stp;80;160;8;0,050633;0,1
i080-224.stp;80;3160;16;1,0;0,2
i080-124.stp;80;3160;8;1,0;0,1
i080-303.stp;80;120;20;0,037975;0,25
i080-023.stp;80;3160;6;1,0;0,075
i080-222.stp;80;3160;16;1,0;0,2
i080-142.stp;80;632;8;0,2;0,1
i080-025.stp;80;3160;6;1,0;0,075
i080-031.stp;80;160;6;0,050633;0,075
i080-212.stp;80;350;16;0,110759;0,2
i080-325.stp;80;3160;20;1,0;0,25
i080-013.stp;80;350;6;0,110759;0,075
i080-335.stp;80;160;20;0,050633;0,25
i080-041.stp;80;632;6;0,2;0,075
i080-223.stp;80;3160;16;1,0;0,2
i080-313.stp;80;350;20;0,110759;0,25
i080-333.stp;80;160;20;0,050633;0,25
i080-144.stp;80;632;8;0,2;0,1
i080-024.stp;80;3160;6;1,0;0,075
i080-113.stp;80;350;8;0,110759;0,1
i080-044.stp;80;632;6;0,2;0,075
i080-002.stp;80;120;6;0,037975;0,075
i080-045.stp;80;632;6;0,2;0,075
i080-204.stp;80;120;16;0,037975;0,2
i080-003.stp;80;120;6;0,037975;0,075
i080-143.stp;80;632;8;0,2;0,1
i080-123.stp;80;3160;8;1,0;0,1
i080-034.stp;80;160;6;0,050633;0,075
i080-342.stp;80;632;20;0,2;0,25
i640-215.stp;640;4135;50;0,020222;0,078125
i640-242.stp;640;40896;50;0,2;0,078125
i640-144.stp;640;40896;26;0,2;0,040625
i640-141.stp;640;40896;26;0,2;0,040625
i640-005.stp;640;960;10;0,004695;0,015625
i640-105.stp;640;960;26;0,004695;0,040625
i640-301.stp;640;960;160;0,004695;0,25
i640-245.stp;640;40896;50;0,2;0,078125
i640-114.stp;640;4135;26;0,020222;0,040625
i640-231.stp;640;1280;50;0,00626;0,078125
i640-341.stp;640;40896;160;0,2;0,25
i640-142.stp;640;40896;26;0,2;0,040625
i640-104.stp;640;960;26;0,004695;0,040625
i640-025.stp;640;204480;10;1,0;0,015625
i640-345.stp;640;40896;160;0,2;0,25
i640-103.stp;640;960;26;0,004695;0,040625
i640-344.stp;640;40896;160;0,2;0,25
i640-314.stp;640;4135;160;0,020222;0,25
i640-113.stp;640;4135;26;0,020222;0,040625
i640-124.stp;640;204480;26;1,0;0,040625
i640-134.stp;640;1280;26;0,00626;0,040625
i640-243.stp;640;40896;50;0,2;0,078125
i640-303.stp;640;960;160;0,004695;0,25
i640-014.stp;640;4135;10;0,020222;0,015625
i640-135.stp;640;1280;26;0,00626;0,040625
i640-123.stp;640;204480;26;1,0;0,040625
i640-042.stp;640;40896;10;0,2;0,015625
i640-213.stp;640;4135;50;0,020222;0,078125
i640-325.stp;640;204480;160;1,0;0,25
i640-235.stp;640;1280;50;0,00626;0,078125
i640-121.stp;640;204480;26;1,0;0,040625
i640-322.stp;640;204480;160;1,0;0,25
i640-011.stp;640;4135;10;0,020222;0,015625
i640-234.stp;640;1280;50;0,00626;0,078125
i640-132.stp;640;1280;26;0,00626;0,040625
i640-324.stp;640;204480;160;1,0;0,25
i640-002.stp;640;960;10;0,004695;0,015625
i640-205.stp;640;960;50;0,004695;0,078125
i640-223.stp;640;204480;50;1,0;0,078125
i640-012.stp;640;4135;10;0,020222;0,015625
i640-201.stp;640;960;50;0,004695;0,078125
i640-145.stp;640;40896;26;0,2;0,040625
i640-031.stp;640;1280;10;0,00626;0,015625
i640-222.stp;640;204480;50;1,0;0,078125
i640-024.stp;640;204480;10;1,0;0,015625
i640-233.stp;640;1280;50;0,00626;0,078125
i640-203.stp;640;960;50;0,004695;0,078125
i640-041.stp;640;40896;10;0,2;0,015625
i640-033.stp;640;1280;10;0,00626;0,015625
i640-044.stp;640;40896;10;0,2;0,015625
i640-232.stp;640;1280;50;0,00626;0,078125
i640-342.stp;640;40896;160;0,2;0,25
i640-331.stp;640;1280;160;0,00626;0,25
i640-143.stp;640;40896;26;0,2;0,040625
i640-214.stp;640;4135;50;0,020222;0,078125
i640-003.stp;640;960;10;0,004695;0,015625
i640-115.stp;640;4135;26;0,020222;0,040625
i640-343.stp;640;40896;160;0,2;0,25
i640-305.stp;640;960;160;0,004695;0,25
i640-335.stp;640;1280;160;0,00626;0,25
i640-021.stp;640;204480;10;1,0;0,015625
i640-131.stp;640;1280;26;0,00626;0,040625
i640-022.stp;640;204480;10;1,0;0,015625
i640-001.stp;640;960;10;0,004695;0,015625
i640-004.stp;640;960;10;0,004695;0,015625
i640-023.stp;640;204480;10;1,0;0,015625
i640-125.stp;640;204480;26;1,0;0,040625
i640-212.stp;640;4135;50;0,020222;0,078125
i640-323.stp;640;204480;160;1,0;0,25
i640-224.stp;640;204480;50;1,0;0,078125
i640-211.stp;640;4135;50;0,020222;0,078125
i640-034.stp;640;1280;10;0,00626;0,015625
i640-225.stp;640;204480;50;1,0;0,078125
i640-333.stp;640;1280;160;0,00626;0,25
i640-032.stp;640;1280;10;0,00626;0,015625
i640-045.stp;640;40896;10;0,2;0,015625
i640-312.stp;640;4135;160;0,020222;0,25
i640-241.stp;640;40896;50;0,2;0,078125
i640-221.stp;640;204480;50;1,0;0,078125
i640-013.stp;640;4135;10;0,020222;0,015625
i640-133.stp;640;1280;26;0,00626;0,040625
i640-304.stp;640;960;160;0,004695;0,25
i640-202.stp;640;960;50;0,004695;0,078125
i640-122.stp;640;204480;26;1,0;0,040625
i640-321.stp;640;204480;160;1,0;0,25
i640-332.stp;640;1280;160;0,00626;0,25
i640-111.stp;640;4135;26;0,020222;0,040625
i640-334.stp;640;1280;160;0,00626;0,25
i640-035.stp;640;1280;10;0,00626;0,015625
i640-302.stp;640;960;160;0,004695;0,25
i640-043.stp;640;40896;10;0,2;0,015625
i640-015.stp;640;4135;10;0,020222;0,015625
i640-311.stp;640;4135;160;0,020222;0,25
i640-313.stp;640;4135;160;0,020222;0,25
i640-315.stp;640;4135;160;0,020222;0,25
i640-204.stp;640;960;50;0,004695;0,078125
i640-112.stp;640;4135;26;0,020222;0,040625
i640-102.stp;640;960;26;0,004695;0,040625
i640-101.stp;640;960;26;0,004695;0,040625
i640-244.stp;640;40896;50;0,2;0,078125
p625.stp;100;180;20;0,036364;0,2
p623.stp;100;180;10;0,036364;0,1
p624.stp;100;180;20;0,036364;0,2
p629.stp;100;180;50;0,036364;0,5
p630.stp;200;370;10;0,018593;0,05
p631.stp;200;370;20;0,018593;0,1
p626.stp;100;180;20;0,036364;0,2
p620.stp;100;180;6;0,036364;0,06
p621.stp;100;180;6;0,036364;0,06
p627.stp;100;180;50;0,036364;0,5
p622.stp;100;180;10;0,036364;0,1
p628.stp;100;180;50;0,036364;0,5
p633.stp;200;370;100;0,018593;0,5
p632.stp;200;370;40;0,018593;0,2
p619.stp;100;180;6;0,036364;0,06
es50fst02.stp;125;177;50;0,022839;0,4
es50fst06.stp;126;182;50;0,023111;0,396825
es50fst01.stp;118;160;50;0,023178;0,423729
es50fst15.stp;112;147;50;0,023649;0,446429
es50fst07.stp;143;211;50;0,020782;0,34965
es50fst10.stp;139;207;50;0,021583;0,359712
es50fst05.stp;104;135;50;0,025205;0,480769
es50fst08.stp;83;96;50;0,02821;0,60241
es50fst13.stp;92;116;50;0,027711;0,543478
es50fst03.stp;128;182;50;0,022392;0,390625
es50fst09.stp;139;202;50;0,021061;0,359712
es50fst11.stp;100;131;50;0,026465;0,5
es50fst04.stp;106;138;50;0,024798;0,471698
es50fst12.stp;110;149;50;0,024854;0,454545
es50fst14.stp;120;167;50;0,023389;0,416667
es1000fst02.stp;2629;3793;1000;0,001098;0,380373
es1000fst03.stp;2762;4047;1000;0,001061;0,362056
es1000fst08.stp;2834;4207;1000;0,001048;0,352858
es1000fst07.stp;2604;3756;1000;0,001108;0,384025
es1000fst11.stp;2763;4038;1000;0,001058;0,361925
es1000fst05.stp;2676;3894;1000;0,001088;0,373692
es1000fst09.stp;2846;4187;1000;0,001034;0,35137
es1000fst14.stp;2840;4200;1000;0,001042;0,352113
es1000fst01.stp;2865;4267;1000;0,00104;0,34904
es1000fst10.stp;2546;3620;1000;0,001117;0,392773
es1000fst13.stp;2532;3615;1000;0,001128;0,394945
es1000fst06.stp;2815;4162;1000;0,001051;0,35524
es1000fst12.stp;2984;4484;1000;0,001007;0,335121
es1000fst04.stp;2778;4083;1000;0,001059;0,359971
es1000fst15.stp;2733;3997;1000;0,001071;0,365898
es90fst14.stp;185;243;90;0,014277;0,486486
es90fst12.stp;207;284;90;0,01332;0,434783
es90fst09.stp;234;331;90;0,012142;0,384615
es90fst04.stp;217;299;90;0,012758;0,414747
es90fst05.stp;190;254;90;0,014146;0,473684
es90fst03.stp;284;430;90;0,0107;0,316901
es90fst15.stp;207;286;90;0,013414;0,434783
es90fst02.stp;221;313;90;0,012875;0,40724
es90fst01.stp;181;231;90;0,01418;0,497238
es90fst08.stp;234;332;90;0,012179;0,384615
es90fst07.stp;175;221;90;0,014516;0,514286
es90fst06.stp;215;290;90;0,012606;0,418605
es90fst11.stp;225;323;90;0,012817;0,4
es90fst10.stp;246;356;90;0,011814;0,365854
es90fst13.stp;240;349;90;0,012169;0,375
es60fst02.stp;186;280;60;0,016274;0,322581
es60fst06.stp;130;174;60;0,020751;0,461538
es60fst08.stp;109;133;60;0,022596;0,550459
es60fst04.stp;162;238;60;0,01825;0,37037
es60fst13.stp;157;226;60;0,018455;0,382166
es60fst12.stp;176;257;60;0,016688;0,340909
es60fst03.stp;113;142;60;0,02244;0,530973
es60fst09.stp;151;216;60;0,019073;0,397351
es60fst15.stp;117;151;60;0,022252;0,512821
es60fst14.stp;118;149;60;0,021585;0,508475
es60fst01.stp;123;159;60;0,021192;0,487805
es60fst07.stp;188;280;60;0,015929;0,319149
es60fst05.stp;119;148;60;0,02108;0,504202
es60fst10.stp;133;177;60;0,020164;0,451128
es60fst11.stp;121;154;60;0,021212;0,495868
es10fst14.stp;24;32;10;0,115942;0,416667
es10fst01.stp;18;20;10;0,130719;0,555556
es10fst11.stp;14;13;10;0,142857;0,714286
es10fst09.stp;21;29;10;0,138095;0,47619
es10fst05.stp;12;11;10;0,166667;0,833333
es10fst13.stp;18;21;10;0,137255;0,555556
es10fst02.stp;14;13;10;0,142857;0,714286
es10fst06.stp;17;20;10;0,147059;0,588235
es10fst04.stp;18;20;10;0,130719;0,555556
es10fst12.stp;13;12;10;0,153846;0,769231
es10fst03.stp;17;20;10;0,147059;0,588235
es10fst07.stp;14;13;10;0,142857;0,714286
es10fst10.stp;18;21;10;0,137255;0,555556
es10fst08.stp;21;28;10;0,133333;0,47619
es10fst15.stp;16;18;10;0,15;0,625
es70fst15.stp;178;251;70;0,015933;0,393258
es70fst07.stp;167;230;70;0,016593;0,419162
es70fst12.stp;142;181;70;0,01808;0,492958
es70fst11.stp;177;254;70;0,016307;0,39548
es70fst01.stp;154;209;70;0,01774;0,454545
es70fst08.stp;209;314;70;0,014446;0,334928
es70fst09.stp;161;220;70;0,017081;0,434783
es70fst10.stp;165;225;70;0,01663;0,424242
es70fst06.stp;187;268;70;0,01541;0,374332
es70fst05.stp;169;231;70;0,016272;0,414201
es70fst04.stp;167;231;70;0,016665;0,419162
es70fst03.stp;181;264;70;0,016206;0,38674
es70fst02.stp;147;197;70;0,018358;0,47619
es70fst13.stp;160;219;70;0,017217;0,4375
es70fst14.stp;143;184;70;0,018123;0,48951
es80fst05.stp;172;228;80;0,015504;0,465116
es80fst15.stp;197;282;80;0,014607;0,406091
es80fst08.stp;217;306;80;0,013057;0,368664
es80fst02.stp;183;249;80;0,014952;0,437158
es80fst04.stp;198;280;80;0,014357;0,40404
es80fst01.stp;187;255;80;0,014663;0,427807
es80fst13.stp;164;211;80;0,015786;0,487805
es80fst09.stp;236;343;80;0,012369;0,338983
es80fst06.stp;172;224;80;0,015232;0,465116
es80fst11.stp;209;295;80;0,013572;0,382775
es80fst03.stp;189;261;80;0,014691;0,42328
es80fst14.stp;209;297;80;0,013664;0,382775
es80fst10.stp;156;197;80;0,016294;0,512821
es80fst07.stp;193;271;80;0,014627;0,414508
es80fst12.stp;147;180;80;0,016774;0,544218
es250fst03.stp;543;727;250;0,00494;0,460405
es250fst06.stp;596;824;250;0,004647;0,419463
es250fst01.stp;623;876;250;0,004521;0,401284
es250fst04.stp;604;842;250;0,004624;0,413907
es250fst08.stp;657;947;250;0,004395;0,380518
es250fst07.stp;585;799;250;0,004677;0,42735
es250fst02.stp;542;719;250;0,004904;0,461255
es250fst12.stp;619;872;250;0,004559;0,403877
es250fst14.stp;710;1046;250;0,004156;0,352113
es250fst15.stp;713;1053;250;0,004148;0,350631
es250fst05.stp;596;832;250;0,004692;0,419463
es250fst11.stp;661;952;250;0,004364;0,378215
es250fst10.stp;662;951;250;0,004347;0,377644
es250fst13.stp;684;993;250;0,004251;0,365497
es250fst09.stp;570;770;250;0,004748;0,438596
es100fst01.stp;250;354;100;0,011373;0,4
es100fst08.stp;210;276;100;0,012577;0,47619
es100fst07.stp;276;401;100;0,010567;0,362319
es100fst05.stp;188;238;100;0,01354;0,531915
es100fst10.stp;229;312;100;0,011951;0,436681
es100fst15.stp;231;319;100;0,012008;0,4329
es100fst13.stp;254;361;100;0,011235;0,393701
es100fst03.stp;189;233;100;0,013115;0,529101
es100fst04.stp;188;235;100;0,013369;0,531915
es100fst14.stp;198;253;100;0,012972;0,505051
es100fst09.stp;248;342;100;0,011166;0,403226
es100fst06.stp;301;452;100;0,010011;0,332226
es100fst12.stp;266;385;100;0,010924;0,37594
es100fst02.stp;339;522;100;0,009111;0,294985
es100fst11.stp;253;362;100;0,011356;0,395257
es40fst12.stp;67;75;40;0,033921;0,597015
es40fst09.stp;107;153;40;0,026979;0,373832
es40fst10.stp;107;152;40;0,026803;0,373832
es40fst15.stp;93;129;40;0,030154;0,430108
es40fst03.stp;87;116;40;0,031008;0,45977
es40fst14.stp;98;134;40;0,028193;0,408163
es40fst08.stp;98;137;40;0,028824;0,408163
es40fst01.stp;93;127;40;0,029687;0,430108
es40fst07.stp;77;95;40;0,032468;0,519481
es40fst11.stp;97;135;40;0,028995;0,412371
es40fst13.stp;78;95;40;0,031635;0,512821
es40fst05.stp;121;180;40;0,024793;0,330579
es40fst04.stp;55;55;40;0,037037;0,727273
es40fst06.stp;92;123;40;0,029384;0,434783
es40fst02.stp;82;105;40;0,031617;0,487805
es30fst05.stp;58;71;30;0,042952;0,517241
es30fst15.stp;118;188;30;0,027235;0,254237
es30fst12.stp;46;48;30;0,046377;0,652174
es30fst06.stp;83;119;30;0,034969;0,361446
es30fst13.stp;65;84;30;0,040385;0,461538
es30fst04.stp;80;115;30;0,036392;0,375
es30fst07.stp;53;64;30;0,046444;0,566038
es30fst02.stp;71;97;30;0,039034;0,422535
es30fst09.stp;43;44;30;0,048726;0,697674
es30fst10.stp;48;52;30;0,046099;0,625
es30fst11.stp;79;112;30;0,036352;0,379747
es30fst08.stp;69;93;30;0,039642;0,434783
es30fst01.stp;79;115;30;0,037326;0,379747
es30fst14.stp;53;58;30;0,04209;0,566038
es30fst03.stp;83;120;30;0,035263;0,361446
es500fst06.stp;1335;1932;500;0,00217;0,374532
es500fst09.stp;1294;1853;500;0,002215;0,386399
es500fst11.stp;1274;1808;500;0,00223;0,392465
es500fst10.stp;1203;1679;500;0,002322;0,415628
es500fst12.stp;1322;1918;500;0,002197;0,378215
es500fst15.stp;1334;1927;500;0,002167;0,374813
es500fst03.stp;1337;1933;500;0,002164;0,373972
es500fst08.stp;1349;1972;500;0,002169;0,370645
es500fst07.stp;1214;1700;500;0,002309;0,411862
es500fst14.stp;1477;2204;500;0,002022;0,338524
es500fst05.stp;1172;1627;500;0,002371;0,426621
es500fst02.stp;1408;2056;500;0,002076;0,355114
es500fst01.stp;1250;1763;500;0,002258;0,4
es500fst04.stp;1296;1879;500;0,002239;0,385802
es500fst13.stp;1273;1814;500;0,002241;0,392773
es20fst04.stp;57;83;20;0,052005;0,350877
es20fst02.stp;29;28;20;0,068966;0,689655
es20fst08.stp;52;74;20;0,055807;0,384615
es20fst11.stp;33;36;20;0,068182;0,606061
es20fst09.stp;36;42;20;0,066667;0,555556
es20fst14.stp;36;44;20;0,069841;0,555556
es20fst03.stp;27;26;20;0,074074;0,740741
es20fst15.stp;37;43;20;0,064565;0,540541
es20fst10.stp;49;67;20;0,056973;0,408163
es20fst01.stp;29;28;20;0,068966;0,689655
es20fst05.stp;54;77;20;0,053809;0,37037
es20fst13.stp;35;40;20;0,067227;0,571429
es20fst06.stp;29;28;20;0,068966;0,689655
es20fst07.stp;45;59;20;0,059596;0,444444
es20fst12.stp;33;36;20;0,068182;0,606061
ER-132.stp;750;168267;150;0,599081;0,2
ER-027.stp;150;10091;30;0,902998;0,2
ER-146.stp;850;71970;168;0,19946;0,197647
ER-153.stp;850;324376;170;0,898984;0,2
ER-064.stp;400;8099;80;0,101491;0,2
ER-172.stp;1000;50178;200;0,100456;0,2
ER-093.stp;550;45571;110;0,301845;0,2
ER-101.stp;600;36131;118;0,201063;0,196667
ER-143.stp;800;255769;160;0,800278;0,2
ER-169.stp;950;315877;190;0,700742;0,2
ER-009.stp;50;1089;10;0,88898;0,2
ER-103.stp;600;71933;120;0,400295;0,2
ER-040.stp;250;12536;50;0,402763;0,2
ER-127.stp;750;28080;148;0,099973;0,197333
ER-069.stp;400;47601;80;0,596504;0,2
ER-163.stp;950;45256;190;0,100396;0,2
ER-065.stp;400;16307;78;0,204348;0,195
ER-060.stp;350;36554;70;0,59851;0,2
ER-102.stp;600;54028;120;0,300657;0,2
ER-055.stp;350;6202;68;0,101547;0,194286
ER-005.stp;50;618;10;0,50449;0,2
ER-004.stp;50;462;10;0,377143;0,2
ER-141.stp;800;191823;160;0,600197;0,2
ER-074.stp;450;20396;92;0,201891;0,204444
ER-024.stp;150;6677;30;0,597494;0,2
ER-089.stp;500;99790;100;0,79992;0,2
ER-136.stp;800;31943;158;0,099947;0,1975
ER-072.stp;400;71834;80;0,900175;0,2
ER-021.stp;150;3349;28;0,299687;0,186667
ER-123.stp;700;146917;140;0,600519;0,2
ER-083.stp;500;24999;100;0,200393;0,2
ER-036.stp;200;18000;40;0,904523;0,2
ER-159.stp;900;242724;180;0,599985;0,2
ER-018.stp;100;4446;20;0,898182;0,2
ER-079.stp;450;70990;90;0,702697;0,2
ER-117.stp;650;190009;130;0,900837;0,2
ER-158.stp;900;202640;180;0,500902;0,2
ER-145.stp;850;35782;168;0,099167;0,197647
ER-142.stp;800;223444;160;0,699136;0,2
ER-033.stp;200;11908;40;0,598392;0,2
ER-019.stp;150;1068;26;0,09557;0,173333
ER-080.stp;450;80606;90;0,797882;0,2
ER-131.stp;750;140104;150;0,498813;0,2
ER-148.stp;850;143933;170;0,3989;0,2
ER-063.stp;350;54908;70;0,899026;0,2
ER-085.stp;500;50053;100;0,401226;0,2
ER-044.stp;250;25022;50;0,80392;0,2
ER-091.stp;550;15050;108;0,099685;0,196364
ER-176.stp;1000;249559;200;0,499618;0,2
ER-124.stp;700;171330;140;0,700307;0,2
ER-016.stp;100;3513;20;0,709697;0,2
ER-173.stp;1000;99996;198;0,200192;0,198
ER-097.stp;550;105556;110;0,699162;0,2
ER-061.stp;350;42728;70;0,699599;0,2
ER-006.stp;50;729;10;0,595102;0,2
ER-171.stp;950;405459;190;0,899471;0,2
ER-129.stp;750;84260;150;0,299991;0,2
ER-003.stp;50;375;10;0,306122;0,2
ER-110.stp;650;41977;130;0,199014;0,2
ER-115.stp;650;147394;130;0,698798;0,2
ER-121.stp;700;97802;140;0,399763;0,2
ER-042.stp;250;18551;50;0,596016;0,2
ER-059.stp;350;30651;70;0,501858;0,2
ER-118.stp;700;24408;140;0,099767;0,2
ER-068.stp;400;39795;80;0,498684;0,2
ER-049.stp;300;17823;60;0,397391;0,2
ER-100.stp;600;18080;116;0,100612;0,193333
ER-071.stp;400;63685;80;0,798058;0,2
ER-047.stp;300;9044;60;0,20165;0,2
ER-086.stp;500;62725;100;0,502806;0,2
ER-025.stp;150;7846;30;0,702103;0,2
ER-114.stp;650;126258;130;0,598592;0,2
ER-161.stp;900;323337;180;0,799251;0,2
ER-020.stp;150;2262;30;0,202416;0,2
ER-119.stp;700;48929;140;0,199996;0,2
ER-105.stp;600;107751;120;0,599616;0,2
ER-034.stp;200;13964;40;0,701709;0,2
ER-149.stp;850;180312;170;0,499721;0,2
ER-098.stp;550;120665;110;0,799238;0,2
ER-056.stp;350;12298;70;0,201359;0,2
ER-140.stp;800;159756;160;0,499862;0,2
ER-038.stp;250;6217;48;0,199743;0,192
ER-011.stp;100;979;18;0,197778;0,18
ER-081.stp;450;90969;90;0,90046;0,2
ER-151.stp;850;252636;170;0,700162;0,2
ER-058.stp;350;24587;70;0,402571;0,2
ER-087.stp;500;74949;100;0,600794;0,2
ER-002.stp;50;246;8;0,200816;0,16
ER-028.stp;200;2069;38;0,10397;0,19
ER-090.stp;500;112338;100;0,900505;0,2
ER-120.stp;700;73367;140;0,299886;0,2
ER-023.stp;150;5598;30;0,50094;0,2
ER-180.stp;1000;449880;200;0,900661;0,2
ER-126.stp;700;220423;140;0,900973;0,2
ER-094.stp;550;60507;110;0,400775;0,2
ER-050.stp;300;22303;60;0,49728;0,2
ER-134.stp;750;224623;150;0,799726;0,2
ER-013.stp;100;1977;20;0,399394;0,2
ER-078.stp;450;60656;90;0,600406;0,2
ER-077.stp;450;50382;90;0,498708;0,2
ER-106.stp;600;125846;120;0,700312;0,2
ER-109.stp;650;21263;128;0,100808;0,196923
ER-029.stp;200;4028;40;0,202412;0,2
ER-113.stp;650;105673;130;0,500998;0,2
ER-057.stp;350;18401;68;0,301285;0,194286
ER-039.stp;250;9226;50;0,296418;0,2
ER-046.stp;300;4496;58;0,100245;0,193333
ER-001.stp;50;115;8;0,093878;0,16
ER-031.stp;200;7926;40;0,398291;0,2
ER-178.stp;1000;349592;200;0,699884;0,2
ER-010.stp;100;486;16;0,098182;0,16
ER-014.stp;100;2510;20;0,507071;0,2
ER-045.stp;250;28001;50;0,899631;0,2
ER-154.stp;900;40470;180;0,100037;0,2
ER-076.stp;450;40390;90;0,399802;0,2
ER-104.stp;600;89994;120;0,500801;0,2
ER-165.stp;950;135574;190;0,300758;0,2
ER-112.stp;650;84615;130;0,401162;0,2
ER-167.stp;950;226302;190;0,502029;0,2
ER-096.stp;550;90812;110;0,601504;0,2
ER-150.stp;850;217058;170;0,60156;0,2
ER-095.stp;550;75331;110;0,498963;0,2
ER-054.stp;300;40358;60;0,899844;0,2
ER-168.stp;950;270607;190;0,600315;0,2
ER-015.stp;100;2957;20;0,597374;0,2
ER-067.stp;400;31941;80;0,400263;0,2
ER-128.stp;750;55799;148;0,198661;0,197333
ER-051.stp;300;26851;60;0,598685;0,2
ER-125.stp;700;195763;140;0,800176;0,2
ER-088.stp;500;87175;100;0,698798;0,2
ER-066.stp;400;23823;80;0,298534;0,2
ER-035.stp;200;15909;40;0,799447;0,2
ER-157.stp;900;160951;180;0,397852;0,2
ER-082.stp;500;12443;98;0,099743;0,196
ER-092.stp;550;30341;110;0,200967;0,2
ER-179.stp;1000;399681;200;0,800162;0,2
ER-135.stp;750;252894;150;0,900379;0,2
ER-032.stp;200;9779;40;0,491407;0,2
ER-144.stp;800;287962;160;0,901008;0,2
ER-156.stp;900;121062;180;0,299251;0,2
ER-152.stp;850;288505;170;0,79957;0,2
ER-137.stp;800;64169;160;0,200779;0,2
ER-052.stp;300;31428;60;0,700736;0,2
ER-174.stp;1000;149593;200;0,299485;0,2
ER-053.stp;300;35884;60;0,800089;0,2
ER-170.stp;950;360775;190;0,800344;0,2
ER-070.stp;400;55971;80;0,701391;0,2
ER-122.stp;700;122747;140;0,501725;0,2
ER-030.stp;200;6048;40;0,30392;0,2
ER-107.stp;600;143754;120;0,799967;0,2
ER-026.stp;150;8885;30;0,795078;0,2
ER-084.stp;500;37350;98;0,299399;0,196
ER-099.stp;550;135869;110;0,899944;0,2
ER-162.stp;900;364045;180;0,899876;0,2
ER-133.stp;750;196476;150;0,699514;0,2
ER-008.stp;50;961;10;0,78449;0,2
ER-022.stp;150;4576;30;0,409485;0,2
ER-130.stp;750;112549;150;0,400709;0,2
ER-160.stp;900;283460;180;0,70068;0,2
ER-111.stp;650;63334;128;0,300268;0,196923
ER-155.stp;900;81137;180;0,200561;0,2
ER-139.stp;800;128119;160;0,400873;0,2
ER-012.stp;100;1450;22;0,292929;0,22
ER-166.stp;950;180097;190;0,399527;0,2
ER-017.stp;100;3979;20;0,803838;0,2
ER-073.stp;450;10199;88;0,100955;0,195556
ER-108.stp;600;161839;120;0,900607;0,2
ER-062.stp;350;48986;70;0,802063;0,2
ER-138.stp;800;96067;160;0,300585;0,2
ER-007.stp;50;885;10;0,722449;0,2
ER-177.stp;1000;299605;200;0,59981;0,2
ER-116.stp;650;168605;130;0,79936;0,2
ER-043.stp;250;21723;50;0,697928;0,2
ER-075.stp;450;30121;90;0,298154;0,2
ER-164.stp;950;90296;190;0,200313;0,2
ER-147.stp;850;108641;170;0,301091;0,2
ER-041.stp;250;15627;50;0,502072;0,2
ER-037.stp;250;3127;46;0,100466;0,184
ER-048.stp;300;13404;60;0,298863;0,2
ER-175.stp;1000;199951;200;0,400302;0,2
p409.stp;100;4950;50;1,0;0,5
p408.stp;100;4950;20;1,0;0,2
p402.stp;100;4950;6;1,0;0,06
p403.stp;100;4950;6;1,0;0,06
p410.stp;100;4950;50;1,0;0,5
p401.stp;100;4950;6;1,0;0,06
p404.stp;100;4950;10;1,0;0,1
p406.stp;100;4950;10;1,0;0,1
p407.stp;100;4950;20;1,0;0,2
p405.stp;100;4950;10;1,0;0,1
mc2.stp;120;7140;60;1,0;0,5
mc13.stp;150;11175;80;1,0;0,533333
mc3.stp;97;4656;46;1,0;0,474227
berlin52.stp;52;1326;16;1,0;0,307692
world666.stp;666;221445;174;1,0;0,261261
brasil58.stp;58;1653;26;1,0;0,448276
p460.stp;100;4950;20;1,0;0,2
p459.stp;100;4950;20;1,0;0,2
p466.stp;200;19900;100;1,0;0,5
p457.stp;100;4950;10;1,0;0,1
p465.stp;200;19900;40;1,0;0,2
p464.stp;200;19900;20;1,0;0,1
p456.stp;100;4950;6;1,0;0,06
p463.stp;200;19900;10;1,0;0,05
p461.stp;100;4950;50;1,0;0,5
p455.stp;100;4950;6;1,0;0,06
p458.stp;100;4950;10;1,0;0,1
